"[0.0, 0.0, 0.0, 0.0, 0.0, 0.0, 0.0]"
"[0.0, 0.0, 0.0, 0.0, 0.0, 0.0, 0.0]"
"[0.0, 0.0, 0.0, 0.0, 0.0, 0.0, 0.0]"
"[0.0, 0.0, 0.0, 0.0, 0.0, 0.0, 0.0]"
"[0.0, 0.0, 0.0, 0.0, 0.0, 0.0, 0.0]"
"[0.0, 0.0, 0.0, 0.0, 0.0, 0.0, 0.0]"
"[0.0, 0.0, 0.0, 0.0, 0.0, 0.0, 0.0]"
"[0.0, 0.0, 0.0, 0.0, 0.0, 0.0, 0.0]"
"[0.0, 0.0, 0.0, 0.0, 0.0, 0.0, 0.0]"
"[0.0, 0.0, 0.0, 0.0, 0.0, 0.0, 0.0]"
"[0.0, 0.0, 0.0, 0.0, 0.0, 0.0, 0.0]"
"[0.0, 0.0, 0.0, 0.0, 0.0, 0.0, 0.0]"
"[0.0, 0.0, 0.0, 0.0, 0.0, 0.0, 0.0]"
"[0.0, 0.0, 0.0, 0.0, 0.0, 0.0, 0.0]"
"[0.0, 0.0, 0.0, 0.0, 0.0, 0.0, 0.0]"
"[0.0, 0.0, 0.0, 0.0, 0.0, 0.0, 0.0]"
"[0.0, 0.0, 0.0, 0.0, 0.0, 0.0, 0.0]"
"[0.0, 0.0, 0.0, 0.0, 0.0, 0.0, 0.0]"
"[0.0, 0.0, 0.0, 0.0, 0.0, 0.0, 0.0]"
"[0.0, 0.0, 0.0, 0.0, 0.0, 0.0, 0.0]"
"[0.0, 0.0, 0.0, 0.0, 0.0, 0.0, 0.0]"
"[0.0, 0.0, 0.0, 0.0, 0.0, 0.0, 0.0]"
"[0.0, 0.0, 0.0, 0.0, 0.0, 0.0, 0.0]"
"[0.0, 0.0, 0.0, 0.0, 0.0, 0.0, 0.0]"
"[0.0, 0.0, 0.0, 0.0, 0.0, 0.0, 0.0]"
"[0.0, 0.0, 0.0, 0.0, 0.0, 0.0, 0.0]"
"[0.0, 0.0, 0.0, 0.0, 0.0, 0.0, 0.0]"
"[0.0, 0.0, 0.0, 0.0, 0.0, 0.0, 0.0]"
"[0.0, 0.0, 0.0, 0.0, 0.0, 0.0, 0.0]"
"[0.0, 0.0, 0.0, 0.0, 0.0, 0.0, 0.0]"
"[0.0, 0.0, 0.0, 0.0, 0.0, 0.0, 0.0]"
"[0.0, 0.0, 0.0, 0.0, 0.0, 0.0, 0.0]"
"[0.0, 0.0, 0.0, 0.0, 0.0, 0.0, 0.0]"
"[0.0, 0.0, 0.0, 0.0, 0.0, 0.0, 0.0]"
"[0.0, 0.0, 0.0, 0.0, 0.0, 0.0, 0.0]"
"[0.0, 0.0, 0.0, 0.0, 0.0, 0.0, 0.0]"
"[0.0, 0.0, 0.0, 0.0, 0.0, 0.0, 0.0]"
"[0.0, 0.0, 0.0, 0.0, 0.0, 0.0, 0.0]"
"[0.0, 0.0, 0.0, 0.0, 0.0, 0.0, 0.0]"
"[0.0, 0.0, 0.0, 0.0, 0.0, 0.0, 0.0]"
"[0.0, 0.0, 0.0, 0.0, 0.0, 0.0, 0.0]"
"[0.0, 0.0, 0.0, 0.0, 0.0, 0.0, 0.0]"
"[0.0, 0.0, 0.0, 0.0, 0.0, 0.0, 0.0]"
"[0.0, 0.0, 0.0, 0.0, 0.0, 0.0, 0.0]"
"[0.0, 0.0, 0.0, 0.0, 0.0, 0.0, 0.0]"
"[0.0, 0.0, 0.0, 0.0, 0.0, 0.0, 0.0]"
"[0.0, 0.0, 0.0, 0.0, 0.0, 0.0, 0.0]"
"[0.0, 0.0, 0.0, 0.0, 0.0, 0.0, 0.0]"
"[0.0, 0.0, 0.0, 0.0, 0.0, 0.0, 0.0]"
"[0.0, 0.0, 0.0, 0.0, 0.0, 0.0, 0.0]"
"[0.0, 0.0, 0.0, 0.0, 0.0, 0.0, 0.0]"
"[0.0, 0.0, 0.0, 0.0, 0.0, 0.0, 0.0]"
"[0.0, 0.0, 0.0, 0.0, 0.0, 0.0, 0.0]"
"[0.0, 0.0, 0.0, 0.0, 0.0, 0.0, 0.0]"
"[0.0, 0.0, 0.0, 0.0, 0.0, 0.0, 0.0]"
"[0.0, 0.0, 0.0, 0.0, 0.0, 0.0, 0.0]"
"[0.0, 0.0, 0.0, 0.0, 0.0, 0.0, 0.0]"
"[0.0, 0.0, 0.0, 0.0, 0.0, 0.0, 0.0]"
"[0.0, 0.0, 0.0, 0.0, 0.0, 0.0, 0.0]"
"[0.0, 0.0, 0.0, 0.0, 0.0, 0.0, 0.0]"
"[0.0, 0.0, 0.0, 0.0, 0.0, 0.0, 0.0]"
"[0.0, 0.0, 0.0, 0.0, 0.0, 0.0, 0.0]"
"[0.0, 0.0, 0.0, 0.0, 0.0, 0.0, 0.0]"
"[0.0, 0.0, 0.0, 0.0, 0.0, 0.0, 0.0]"
"[0.0, 0.0, 0.0, 0.0, 0.0, 0.0, 0.0]"
"[0.0, 0.0, 0.0, 0.0, 0.0, 0.0, 0.0]"
"[0.0, 0.0, 0.0, 0.0, 0.0, 0.0, 0.0]"
"[0.0, 0.0, 0.0, 0.0, 0.0, 0.0, 0.0]"
"[0.0, 0.0, 0.0, 0.0, 0.0, 0.0, 0.0]"
"[0.0, 0.0, 0.0, 0.0, 0.0, 0.0, 0.0]"
"[0.0, 0.0, 0.0, 0.0, 0.0, 0.0, 0.0]"
"[0.0, 0.0, 0.0, 0.0, 0.0, 0.0, 0.0]"
"[0.0, 0.0, 0.0, 0.0, 0.0, 0.0, 0.0]"
"[0.0, 0.0, 0.0, 0.0, 0.0, 0.0, 0.0]"
"[0.0, 0.0, 0.0, 0.0, 0.0, 0.0, 0.0]"
"[0.0, 0.0, 0.0, 0.0, 0.0, 0.0, 0.0]"
"[0.0, 0.0, 0.0, 0.0, 0.0, 0.0, 0.0]"
"[0.0, 0.0, 0.0, 0.0, 0.0, 0.0, 0.0]"
"[0.0, 0.0, 0.0, 0.0, 0.0, 0.0, 0.0]"
"[0.0, 0.0, 0.0, 0.0, 0.0, 0.0, 0.0]"
"[0.0, 0.0, 0.0, 0.0, 0.0, 0.0, 0.0]"
"[0.0, 0.0, 0.0, 0.0, 0.0, 0.0, 0.0]"
"[0.0, 0.0, 0.0, 0.0, 0.0, 0.0, 0.0]"
"[0.0, 0.0, 0.0, 0.0, 0.0, 0.0, 0.0]"
"[0.0, 0.0, 0.0, 0.0, 0.0, 0.0, 0.0]"
"[0.0, 0.0, 0.0, 0.0, 0.0, 0.0, 0.0]"
"[0.0, 0.0, 0.0, 0.0, 0.0, 0.0, 0.0]"
"[0.0, 0.0, 0.0, 0.0, 0.0, 0.0, 0.0]"
"[0.0, 0.0, 0.0, 0.0, 0.0, 0.0, 0.0]"
"[0.0, 0.0, 0.0, 0.0, 0.0, 0.0, 0.0]"
"[0.0, 0.0, 0.0, 0.0, 0.0, 0.0, 0.0]"
"[0.0, 0.0, 0.0, 0.0, 0.0, 0.0, 0.0]"
"[0.0, 0.0, 0.0, 0.0, 0.0, 0.0, 0.0]"
"[0.0, 0.0, 0.0, 0.0, 0.0, 0.0, 0.0]"
"[0.0, 0.0, 0.0, 0.0, 0.0, 0.0, 0.0]"
"[0.0, 0.0, 0.0, 0.0, 0.0, 0.0, 0.0]"
"[0.0, 0.0, 0.0, 0.0, 0.0, 0.0, 0.0]"
"[0.0, 0.0, 0.0, 0.0, 0.0, 0.0, 0.0]"
"[0.0, 0.0, 0.0, 0.0, 0.0, 0.0, 0.0]"
"[0.0, 0.0, 0.0, 0.0, 0.0, 0.0, 0.0]"
"[0.0, 0.0, 0.0, 0.0, 0.0, 0.0, 0.0]"
"[0.0, 0.0, 0.0, 0.0, 0.0, 0.0, 0.0]"
"[0.0, 0.0, 0.0, 0.0, 0.0, 0.0, 0.0]"
"[0.0, 0.0, 0.0, 0.0, 0.0, 0.0, 0.0]"
"[0.0, 0.0, 0.0, 0.0, 0.0, 0.0, 0.0]"
"[0.0, 0.0, 0.0, 0.0, 0.0, 0.0, 0.0]"
"[0.0, 0.0, 0.0, 0.0, 0.0, 0.0, 0.0]"
"[0.0, 0.0, 0.0, 0.0, 0.0, 0.0, 0.0]"
"[0.0, 0.0, 0.0, 0.0, 0.0, 0.0, 0.0]"
"[0.0, 0.0, 0.0, 0.0, 0.0, 0.0, 0.0]"
"[0.0, 0.0, 0.0, 0.0, 0.0, 0.0, 0.0]"
"[0.0, 0.0, 0.0, 0.0, 0.0, 0.0, 0.0]"
"[0.0, 0.0, 0.0, 0.0, 0.0, 0.0, 0.0]"
"[0.0, 0.0, 0.0, 0.0, 0.0, 0.0, 0.0]"
"[0.0, 0.0, 0.0, 0.0, 0.0, 0.0, 0.0]"
"[0.0, 0.0, 0.0, 0.0, 0.0, 0.0, 0.0]"
"[0.0, 0.0, 0.0, 0.0, 0.0, 0.0, 0.0]"
"[0.0, 0.0, 0.0, 0.0, 0.0, 0.0, 0.0]"
"[0.0, 0.0, 0.0, 0.0, 0.0, 0.0, 0.0]"
"[0.0, 0.0, 0.0, 0.0, 0.0, 0.0, 0.0]"
"[0.0, 0.0, 0.0, 0.0, 0.0, 0.0, 0.0]"
"[0.0, 0.0, 0.0, 0.0, 0.0, 0.0, 0.0]"
"[0.0, 0.0, 0.0, 0.0, 0.0, 0.0, 0.0]"
"[0.0, 0.0, 0.0, 0.0, 0.0, 0.0, 0.0]"
"[0.0, 0.0, 0.0, 0.0, 0.0, 0.0, 0.0]"
"[0.0, 0.0, 0.0, 0.0, 0.0, 0.0, 0.0]"
"[-1.0500292069332726, -0.554862530139592, -13.999506623826743, 0.05297529404816269, -12.889866407303655, -56.94256652543887, 0.0]"
"[-1.0571681419981112, -0.5586349289955547, -14.094686163684518, 0.05333546312990855, -12.977502003223151, -57.329705062689776, 0.0]"
"[-1.0571681419981112, -0.5586349289955547, -14.094686163684518, 0.05333546312990855, -12.977502003223151, -57.329705062689776, 0.0]"
"[-1.0571681419981112, -0.5586349289955547, -14.094686163684518, 0.05333546312990855, -12.977502003223151, -57.329705062689776, 0.0]"
"[-1.0571681419981112, -0.5586349289955547, -14.094686163684518, 0.05333546312990855, -12.977502003223151, -57.329705062689776, 0.0]"
"[-1.0571681419981112, -0.5586349289955547, -14.094686163684518, 0.05333546312990855, -12.977502003223151, -57.329705062689776, 0.0]"
"[-1.0571681419981112, -0.5586349289955547, -14.094686163684518, 0.05333546312990855, -12.977502003223151, -57.329705062689776, 0.0]"
"[-1.0571681419981112, -0.5586349289955547, -14.094686163684518, 0.05333546312990855, -12.977502003223151, -57.329705062689776, 0.0]"
"[-1.0571681419981112, -0.5586349289955547, -14.094686163684518, 0.05333546312990855, -12.977502003223151, -57.329705062689776, 0.0]"
"[-0.37105181424951456, -0.19607336004948334, -4.947045397911352, 0.01872003106575087, -4.554928933415974, -20.121955860911005, 0.0]"
"[0.0, 0.0, 0.0, 0.0, 0.0, 0.0, 0.0]"
"[0.0, 0.0, 0.0, 0.0, 0.0, 0.0, 0.0]"
"[0.0, 0.0, 0.0, 0.0, 0.0, 0.0, 0.0]"
"[0.0, 0.0, 0.0, 0.0, 0.0, 0.0, 0.0]"
"[7.208117801437867e-05, -19.892878146337946, -14.435203537208212, -8.642674045054374e-05, 5.457805663384436, 180.19526645694864, 0.0]"
"[-2.325089733276733e-05, -20.606918075002127, -13.843388989967762, 3.4476856117829196e-05, 6.763673799667405, 180.19508887203023, 0.0]"
"[-5.495792002870149e-05, -9.792405500780493, -6.0972526692360836, 5.924698747929712e-05, 3.695202777302714, 82.74078183194024, 0.0]"
"[0.0, 0.0, 0.0, 0.0, 0.0, 0.0, 0.0]"
"[0.0, 0.0, 0.0, 0.0, 0.0, 0.0, 0.0]"
"[0.0, 0.0, 0.0, 0.0, 0.0, 0.0, 0.0]"
"[0.0, 0.0, 0.0, 0.0, 0.0, 0.0, 0.0]"
"[0.0, 14.191442623466918, 10.543499205691992, 0.0, -3.6479438446617496, 0.0, 0.0]"
"[0.0, 61.73841458701459, 53.623019456731804, 0.0, -8.115391715188201, 0.0, 0.0]"
"[0.0, 29.999836910285975, 30.808702062744736, 0.0, 0.808867660418846, 0.0, 0.0]"
"[0.0, 0.0, 0.0, 0.0, 0.0, 0.0, 0.0]"
"[0.0, 0.0, 0.0, 0.0, 0.0, 0.0, 0.0]"
"[0.0, 0.0, 0.0, 0.0, 0.0, 0.0, 0.0]"
"[0.0, 0.0, 0.0, 0.0, 0.0, 0.0, 0.0]"
"[0.0, 0.0, 0.0, 0.0, 0.0, 0.0, 0.0]"
"[0.0, 0.0, 0.0, 0.0, 0.0, 0.0, 0.0]"
"[0.0, 0.0, 0.0, 0.0, 0.0, 0.0, 0.0]"
"[0.0, 0.0, 0.0, 0.0, 0.0, 0.0, 0.0]"
"[0.0, 0.0, 0.0, 0.0, 0.0, 0.0, 0.0]"
"[-0.9260878472022808, -2.796271335353581, -1.900916137765184, -4.537399867681314e-06, 0.8953535967628101, -3.4285784456450386, 0.0]"
"[-18.59425257189613, -49.72398547846251, -30.36670686117487, -7.077462528545042e-05, 19.357239343699916, -62.955144485760655, 0.0]"
"[-24.02516137721588, -46.81312277874316, -21.34192326932366, -4.1633479914574395e-05, 25.471146575453428, -66.32735231296853, 0.0]"
"[-0.9775442512533354, -1.6449097620591164, -0.6489522279379258, -1.0718577160946847e-06, 0.9959553463262221, -2.491850017489524, 0.0]"
"[0.0, 0.0, 0.0, 0.0, 0.0, 0.0, 0.0]"
"[0.0, 0.0, 0.0, 0.0, 0.0, 0.0, 0.0]"
"[0.0, 0.0, 0.0, 0.0, 0.0, 0.0, 0.0]"
"[0.0, 0.0, 0.0, 0.0, 0.0, 0.0, 0.0]"
"[0.0, 0.0, 0.0, 0.0, 0.0, 0.0, 0.0]"
"[0.0, 0.0, 0.0, 0.0, 0.0, 0.0, 0.0]"
"[0.0, 0.0, 0.0, 0.0, 0.0, 0.0, 0.0]"
"[0.0, 0.0, 0.0, 0.0, 0.0, 0.0, 0.0]"
"[0.0, 0.0, 0.0, 0.0, 0.0, 0.0, 0.0]"
"[0.0, 0.0, 0.0, 0.0, 0.0, 0.0, 0.0]"
"[0.0, 0.0, 0.0, 0.0, 0.0, 0.0, 0.0]"
"[0.0, 0.0, 0.0, 0.0, 0.0, 0.0, 0.0]"
"[0.0, 0.0, 0.0, 0.0, 0.0, 0.0, 0.0]"
"[0.0, 0.0, 0.0, 0.0, 0.0, 0.0, 0.0]"
"[0.0, 0.0, 0.0, 0.0, 0.0, 0.0, 0.0]"
"[0.0, 0.0, 0.0, 0.0, 0.0, 0.0, 0.0]"
"[0.0, 0.0, 0.0, 0.0, 0.0, 0.0, 0.0]"
"[0.0, 0.0, 0.0, 0.0, 0.0, 0.0, 0.0]"
"[0.0, 0.0, 0.0, 0.0, 0.0, 0.0, 0.0]"
"[0.0, 0.0, 0.0, 0.0, 0.0, 0.0, 0.0]"
"[0.0, 0.0, 0.0, 0.0, 0.0, 0.0, 0.0]"
"[0.0, 0.0, 0.0, 0.0, 0.0, 0.0, 0.0]"
"[0.0, 0.0, 0.0, 0.0, 0.0, 0.0, 0.0]"
"[0.0, 0.0, 0.0, 0.0, 0.0, 0.0, 0.0]"
"[0.0, 0.0, 0.0, 0.0, 0.0, 0.0, 0.0]"
"[0.0, 0.0, 0.0, 0.0, 0.0, 0.0, 0.0]"
"[0.0, 0.0, 0.0, 0.0, 0.0, 0.0, 0.0]"
"[0.0, 0.0, 0.0, 0.0, 0.0, 0.0, 0.0]"
"[0.0, 0.0, 0.0, 0.0, 0.0, 0.0, 0.0]"
"[0.0, 0.0, 0.0, 0.0, 0.0, 0.0, 0.0]"
"[0.0, 0.0, 0.0, 0.0, 0.0, 0.0, 0.0]"
"[0.0, 0.0, 0.0, 0.0, 0.0, 0.0, 0.0]"
"[0.0, 0.0, 0.0, 0.0, 0.0, 0.0, 0.0]"
"[0.0, 0.0, 0.0, 0.0, 0.0, 0.0, 0.0]"
"[0.0, 0.0, 0.0, 0.0, 0.0, 0.0, 0.0]"
"[0.0, 0.0, 0.0, 0.0, 0.0, 0.0, 0.0]"
"[0.0, 0.0, 0.0, 0.0, 0.0, 0.0, 0.0]"
"[0.0, 0.0, 0.0, 0.0, 0.0, 0.0, 0.0]"
"[0.0, 0.0, 0.0, 0.0, 0.0, 0.0, 0.0]"
"[0.0, 0.0, 0.0, 0.0, 0.0, 0.0, 0.0]"
"[0.0, 0.0, 0.0, 0.0, 0.0, 0.0, 0.0]"
"[0.0, 0.0, 0.0, 0.0, 0.0, 0.0, 0.0]"
"[0.0, 0.0, 0.0, 0.0, 0.0, 0.0, 0.0]"
"[0.0, 0.0, 0.0, 0.0, 0.0, 0.0, 0.0]"
"[0.0, 0.0, 0.0, 0.0, 0.0, 0.0, 0.0]"
"[0.0, 0.0, 0.0, 0.0, 0.0, 0.0, 0.0]"
"[0.0, 0.0, 0.0, 0.0, 0.0, 0.0, 0.0]"
"[0.0, 0.0, 0.0, 0.0, 0.0, 0.0, 0.0]"
"[0.0, 0.0, 0.0, 0.0, 0.0, 0.0, 0.0]"
"[0.0, 0.0, 0.0, 0.0, 0.0, 0.0, 0.0]"
"[0.0, 0.0, 0.0, 0.0, 0.0, 0.0, 0.0]"
"[0.0, 0.0, 0.0, 0.0, 0.0, 0.0, 0.0]"
"[0.0, 0.0, 0.0, 0.0, 0.0, 0.0, 0.0]"
"[0.0, 0.0, 0.0, 0.0, 0.0, 0.0, 0.0]"
"[0.0, 0.0, 0.0, 0.0, 0.0, 0.0, 0.0]"
"[0.0, 0.0, 0.0, 0.0, 0.0, 0.0, 0.0]"
"[0.0, 0.0, 0.0, 0.0, 0.0, 0.0, 0.0]"
"[0.0, 0.0, 0.0, 0.0, 0.0, 0.0, 0.0]"
"[0.0, 0.0, 0.0, 0.0, 0.0, 0.0, 0.0]"
"[0.0, 0.0, 0.0, 0.0, 0.0, 0.0, 0.0]"
"[0.0, 0.0, 0.0, 0.0, 0.0, 0.0, 0.0]"
"[0.0, 0.0, 0.0, 0.0, 0.0, 0.0, 0.0]"
"[0.0, 0.0, 0.0, 0.0, 0.0, 0.0, 0.0]"
"[0.0, 0.0, 0.0, 0.0, 0.0, 0.0, 0.0]"
"[0.0, 0.0, 0.0, 0.0, 0.0, 0.0, 0.0]"
"[0.0, 0.0, 0.0, 0.0, 0.0, 0.0, 0.0]"
"[0.0, 0.0, 0.0, 0.0, 0.0, 0.0, 0.0]"
"[0.0, 0.0, 0.0, 0.0, 0.0, 0.0, 0.0]"
"[0.0, 0.0, 0.0, 0.0, 0.0, 0.0, 0.0]"
"[0.0, 0.0, 0.0, 0.0, 0.0, 0.0, 0.0]"
"[0.0, 0.0, 0.0, 0.0, 0.0, 0.0, 0.0]"
"[0.0, 0.0, 0.0, 0.0, 0.0, 0.0, 0.0]"
"[0.0, 0.0, 0.0, 0.0, 0.0, 0.0, 0.0]"
"[0.0, 0.0, 0.0, 0.0, 0.0, 0.0, 0.0]"
"[0.0, 0.0, 0.0, 0.0, 0.0, 0.0, 0.0]"
"[0.0, 0.0, 0.0, 0.0, 0.0, 0.0, 0.0]"
"[0.0, 0.0, 0.0, 0.0, 0.0, 0.0, 0.0]"
"[0.0, 0.0, 0.0, 0.0, 0.0, 0.0, 0.0]"
"[0.0, 0.0, 0.0, 0.0, 0.0, 0.0, 0.0]"
"[0.0, 0.0, 0.0, 0.0, 0.0, 0.0, 0.0]"
"[0.0, 0.0, 0.0, 0.0, 0.0, 0.0, 0.0]"
"[0.0, 0.0, 0.0, 0.0, 0.0, 0.0, 0.0]"
"[0.0, 0.0, 0.0, 0.0, 0.0, 0.0, 0.0]"
"[0.0, 0.0, 0.0, 0.0, 0.0, 0.0, 0.0]"
"[0.0, 0.0, 0.0, 0.0, 0.0, 0.0, 0.0]"
"[0.0, 0.0, 0.0, 0.0, 0.0, 0.0, 0.0]"
"[0.0, 0.0, 0.0, 0.0, 0.0, 0.0, 0.0]"
"[0.0, 0.0, 0.0, 0.0, 0.0, 0.0, 0.0]"
"[0.0, 0.0, 0.0, 0.0, 0.0, 0.0, 0.0]"
"[0.0, 0.0, 0.0, 0.0, 0.0, 0.0, 0.0]"
"[0.0, 0.0, 0.0, 0.0, 0.0, 0.0, 0.0]"
"[12.089044656366232, 27.3664711361659, 19.951752669436164, -4.51211944213245, -3.1208263433435426, 158.37654134204476, 0.0]"
"[7.646169672039372, 28.14055525782366, 22.693522083420806, -1.1584578196769904, 0.2608526617264561, 152.22652973033854, 0.0]"
"[3.933274570352209, 27.203256935759274, 24.023590433706776, 2.3536067752450545, 2.273165289512287, 146.57624207906716, 0.0]"
"[1.4182996667671375, 24.99186366365717, 23.846575836082142, 5.0831339289160935, 2.702473201255442, 142.5923566607388, 0.0]"
"[0.1421656117774817, 12.725299829441369, 12.895378369963856, 3.7166602434671323, 1.0357592342098234, 80.62220058537486, 0.0]"
"[0.0, 0.0, 0.0, 0.0, 0.0, 0.0, 0.0]"
"[0.0, 0.0, 0.0, 0.0, 0.0, 0.0, 0.0]"
"[0.0, 0.0, 0.0, 0.0, 0.0, 0.0, 0.0]"
"[0.0, 0.0, 0.0, 0.0, 0.0, 0.0, 0.0]"
"[0.0, 0.0, 0.0, 0.0, 0.0, 0.0, 0.0]"
"[0.0, 0.0, 0.0, 0.0, 0.0, 0.0, 0.0]"
"[0.0, 0.0, 0.0, 0.0, 0.0, 0.0, 0.0]"
"[0.0, 0.0, 0.0, 0.0, 0.0, 0.0, 0.0]"
"[0.0, 0.0, 0.0, 0.0, 0.0, 0.0, 0.0]"
"[0.0, 0.0, 0.0, 0.0, 0.0, 0.0, 0.0]"
"[0.0, 0.0, 0.0, 0.0, 0.0, 0.0, 0.0]"
"[0.0, 0.0, 0.0, 0.0, 0.0, 0.0, 0.0]"
"[0.0, 0.0, 0.0, 0.0, 0.0, 0.0, 0.0]"
"[0.0, 0.0, 0.0, 0.0, 0.0, 0.0, 0.0]"
"[0.0, 0.0, 0.0, 0.0, 0.0, 0.0, 0.0]"
"[0.0, 0.0, 0.0, 0.0, 0.0, 0.0, 0.0]"
"[0.0, 0.0, 0.0, 0.0, 0.0, 0.0, 0.0]"
"[0.0, 0.0, 0.0, 0.0, 0.0, 0.0, 0.0]"
"[0.0, 0.0, 0.0, 0.0, 0.0, 0.0, 0.0]"
"[0.0, 0.0, 0.0, 0.0, 0.0, 0.0, 0.0]"
"[0.0, 0.0, 0.0, 0.0, 0.0, 0.0, 0.0]"
"[0.0, 0.0, 0.0, 0.0, 0.0, 0.0, 0.0]"
"[0.0, 0.0, 0.0, 0.0, 0.0, 0.0, 0.0]"
"[0.0, 0.0, 0.0, 0.0, 0.0, 0.0, 0.0]"
"[0.0, 0.0, 0.0, 0.0, 0.0, 0.0, 0.0]"
"[0.0, 0.0, 0.0, 0.0, 0.0, 0.0, 0.0]"
"[0.0, 0.0, 0.0, 0.0, 0.0, 0.0, 0.0]"
"[0.0, 0.0, 0.0, 0.0, 0.0, 0.0, 0.0]"
"[0.0, 0.0, 0.0, 0.0, 0.0, 0.0, 0.0]"
"[0.0, 0.0, 0.0, 0.0, 0.0, 0.0, 0.0]"
"[0.0, 0.0, 0.0, 0.0, 0.0, 0.0, 0.0]"
"[0.0, 0.0, 0.0, 0.0, 0.0, 0.0, 0.0]"
"[0.0, 0.0, 0.0, 0.0, 0.0, 0.0, 0.0]"
"[0.0, 0.0, 0.0, 0.0, 0.0, 0.0, 0.0]"
"[0.0, 0.0, 0.0, 0.0, 0.0, 0.0, 0.0]"
"[0.0, 0.0, 0.0, 0.0, 0.0, 0.0, 0.0]"
"[0.0, 0.0, 0.0, 0.0, 0.0, 0.0, 0.0]"
"[0.0, 0.0, 0.0, 0.0, 0.0, 0.0, 0.0]"
"[0.0, 0.0, 0.0, 0.0, 0.0, 0.0, 0.0]"
"[0.0, 0.0, 0.0, 0.0, 0.0, 0.0, 0.0]"
"[0.0, 0.0, 0.0, 0.0, 0.0, 0.0, 0.0]"
"[0.0, 0.0, 0.0, 0.0, 0.0, 0.0, 0.0]"
"[0.0, 0.0, 0.0, 0.0, 0.0, 0.0, 0.0]"
"[0.0, 0.0, 0.0, 0.0, 0.0, 0.0, 0.0]"
"[0.0, 0.0, 0.0, 0.0, 0.0, 0.0, 0.0]"
"[0.0, 0.0, 0.0, 0.0, 0.0, 0.0, 0.0]"
"[0.0, 0.0, 0.0, 0.0, 0.0, 0.0, 0.0]"
"[0.0, 0.0, 0.0, 0.0, 0.0, 0.0, 0.0]"
"[0.0, 0.0, 0.0, 0.0, 0.0, 0.0, 0.0]"
"[0.0, 0.0, 0.0, 0.0, 0.0, 0.0, 0.0]"
"[0.0, 0.0, 0.0, 0.0, 0.0, 0.0, 0.0]"
"[0.0, 0.0, 0.0, 0.0, 0.0, 0.0, 0.0]"
"[0.0, 0.0, 0.0, 0.0, 0.0, 0.0, 0.0]"
"[0.0, 0.0, 0.0, 0.0, 0.0, 0.0, 0.0]"
"[0.0, 0.0, 0.0, 0.0, 0.0, 0.0, 0.0]"
"[0.0, 0.0, 0.0, 0.0, 0.0, 0.0, 0.0]"
"[0.0, 0.0, 0.0, 0.0, 0.0, 0.0, 0.0]"
"[0.0, 0.0, 0.0, 0.0, 0.0, 0.0, 0.0]"
"[0.0, 0.0, 0.0, 0.0, 0.0, 0.0, 0.0]"
"[-1.850461957253123, 7.199839007893841, 7.9235436542335895, 4.547242836165594, 2.8898438597656977, -6.693242596493526, 0.0]"
"[0.0, 0.0, 0.0, 0.0, 0.0, 0.0, 0.0]"
"[0.0, 0.0, 0.0, 0.0, 0.0, 0.0, 0.0]"
"[0.0, 0.0, 0.0, 0.0, 0.0, 0.0, 0.0]"
"[0.0, 0.0, 0.0, 0.0, 0.0, 0.0, 0.0]"
"[-0.15211719739819027, 3.9357838110985424, -8.247251932209881, 0.2306332634761016, -12.172666662374699, -0.6083545440067221, 0.0]"
"[-0.29279236051315466, 9.694210432404157, -13.836846522516536, 0.5531359330226069, -23.509915811892213, -1.2631227847446194, 0.0]"
"[-0.2926600255979857, 12.018414523932776, -11.556315514314624, 0.70363808416678, -23.55186512622714, -1.3961810596354032, 0.0]"
"[-0.1422567787946455, 6.840274798095921, -4.6085365268904654, 0.42539383982276735, -11.43670097270113, -0.7549349392676914, 0.0]"
"[0.0, 0.0, 0.0, 0.0, 0.0, 0.0, 0.0]"
"[0.0, 0.0, 0.0, 0.0, 0.0, 0.0, 0.0]"
"[0.0, 0.0, 0.0, 0.0, 0.0, 0.0, 0.0]"
"[0.0, 0.0, 0.0, 0.0, 0.0, 0.0, 0.0]"
"[0.0, 0.0, 0.0, 0.0, 0.0, 0.0, 0.0]"
"[0.0, 0.0, 0.0, 0.0, 0.0, 0.0, 0.0]"
"[0.0, 0.0, 0.0, 0.0, 0.0, 0.0, 0.0]"
"[0.0, 0.0, 0.0, 0.0, 0.0, 0.0, 0.0]"
"[0.0, 0.0, 0.0, 0.0, 0.0, 0.0, 0.0]"
"[0.0, 0.0, 0.0, 0.0, 0.0, 0.0, 0.0]"
"[0.0, 0.0, 0.0, 0.0, 0.0, 0.0, 0.0]"
"[0.0, 0.0, 0.0, 0.0, 0.0, 0.0, 0.0]"
"[0.041520593232481896, -5.862249338671217, 4.073026217186194, -0.3794218909122478, 9.926813378362588, 0.5810547047810042, 0.0]"
"[0.27481090034731764, -28.73119757384781, 37.06324971969798, -1.7240553261185796, 65.74815227135144, 3.12571377058151, 0.0]"
"[0.3179914363214176, -8.815126666409435, 66.84749170883251, -0.8995411430542626, 75.62086969771389, 2.735502288534331, 0.0]"
"[0.10338982744652594, 2.897877442890102, 27.993643011418566, -0.13576220270888895, 25.08309279285374, 0.8201612714897561, 0.0]"
"[0.0, 0.0, 0.0, 0.0, 0.0, 0.0, 0.0]"
"[0.0, 0.0, 0.0, 0.0, 0.0, 0.0, 0.0]"
"[0.0, 0.0, 0.0, 0.0, 0.0, 0.0, 0.0]"
"[0.0, 0.0, 0.0, 0.0, 0.0, 0.0, 0.0]"
"[0.0, 0.0, 0.0, 0.0, 0.0, 0.0, 0.0]"
"[0.0, 0.0, 0.0, 0.0, 0.0, 0.0, 0.0]"
"[0.0, 0.0, 0.0, 0.0, 0.0, 0.0, 0.0]"
"[0.0, 0.0, 0.0, 0.0, 0.0, 0.0, 0.0]"
"[0.0, 0.0, 0.0, 0.0, 0.0, 0.0, 0.0]"
"[0.0, 0.0, 0.0, 0.0, 0.0, 0.0, 0.0]"
"[0.0, 0.0, 0.0, 0.0, 0.0, 0.0, 0.0]"
"[0.0, 0.0, 0.0, 0.0, 0.0, 0.0, 0.0]"
"[0.0, 0.0, 0.0, 0.0, 0.0, 0.0, 0.0]"
"[0.0, 0.0, 0.0, 0.0, 0.0, 0.0, 0.0]"
"[-15.761423075896879, -5.268624364413892, -14.024208856733742, -1.7558226426700148, -8.672414986343897, -15.244596321780355, 0.0]"
"[-43.97963246194171, -5.6600053029130235, -28.379926067475928, -4.827206740715716, -23.210229309226854, -41.957367127957255, 0.0]"
"[-18.0856271674255, 1.2904822814038692, -7.802173754003402, -1.9490516824974373, -9.595087312074348, -17.02422943078386, 0.0]"
"[0.0, 0.0, 0.0, 0.0, 0.0, 0.0, 0.0]"
"[0.0, 0.0, 0.0, 0.0, 0.0, 0.0, 0.0]"
"[0.0, 0.0, 0.0, 0.0, 0.0, 0.0, 0.0]"
"[0.0, 0.0, 0.0, 0.0, 0.0, 0.0, 0.0]"
"[0.0, 0.0, 0.0, 0.0, 0.0, 0.0, 0.0]"
"[0.0, 0.0, 0.0, 0.0, 0.0, 0.0, 0.0]"
"[0.0, 0.0, 0.0, 0.0, 0.0, 0.0, 0.0]"
"[10.404195790022289, -30.93675103420955, -31.729466204375814, -3.4545792682679846, -22.328723387397716, 5.263693394719966, 0.0]"
"[0.0, 0.0, 0.0, 0.0, 0.0, 0.0, 0.0]"
"[0.0, 0.0, 0.0, 0.0, 0.0, 0.0, 0.0]"
"[-0.21758229275651464, -1.0403180653156896, -17.64047812600638, -0.09192337390299597, -16.601355343795444, 0.014556412114239897, 0.0]"
"[-0.6469938312759833, 4.785194247130968, -44.178551476234574, -0.40047562886369475, -48.96675997122363, 0.13554203582986182, 0.0]"
"[-0.22882208940728463, 4.51904354640355, -12.885026364503055, -0.20784624496084492, -17.404792203411336, 0.10574618267922084, 0.0]"
"[0.0, 0.0, 0.0, 0.0, 0.0, 0.0, 0.0]"
"[0.0, 0.0, 0.0, 0.0, 0.0, 0.0, 0.0]"
"[0.0, 0.0, 0.0, 0.0, 0.0, 0.0, 0.0]"
"[0.0, 0.0, 0.0, 0.0, 0.0, 0.0, 0.0]"
"[0.0, 0.0, 0.0, 0.0, 0.0, 0.0, 0.0]"
"[0.0, 0.0, 0.0, 0.0, 0.0, 0.0, 0.0]"
"[0.0, 0.0, 0.0, 0.0, 0.0, 0.0, 0.0]"
"[0.0, 0.0, 0.0, 0.0, 0.0, 0.0, 0.0]"
"[0.0, 0.0, 0.0, 0.0, 0.0, 0.0, 0.0]"
"[0.0, 0.0, 0.0, 0.0, 0.0, 0.0, 0.0]"
"[0.0, 0.0, 0.0, 0.0, 0.0, 0.0, 0.0]"
"[0.08411575398026398, -1.7476898083592336, 4.655069325045293, 0.07893118016286813, 6.403010783186759, -0.04119038626963418, 0.0]"
"[0.6178184114320094, -7.262080814252875, 39.52357606629037, 0.43744789640822335, 46.78826089016431, -0.1754297002525016, 0.0]"
"[0.40908220082643976, 1.0620897201819284, 32.18787093542664, 0.18536918629981722, 31.127982670591567, -0.03528089859561121, 0.0]"
"[0.0, 0.0, 0.0, 0.0, 0.0, 0.0, 0.0]"
"[0.0, 0.0, 0.0, 0.0, 0.0, 0.0, 0.0]"
"[0.0, 0.0, 0.0, 0.0, 0.0, 0.0, 0.0]"
"[0.0, 0.0, 0.0, 0.0, 0.0, 0.0, 0.0]"
"[0.0, 0.0, 0.0, 0.0, 0.0, 0.0, 0.0]"
"[0.0, 0.0, 0.0, 0.0, 0.0, 0.0, 0.0]"
"[0.0, 0.0, 0.0, 0.0, 0.0, 0.0, 0.0]"
"[0.0, 0.0, 0.0, 0.0, 0.0, 0.0, 0.0]"
"[0.0, 0.0, 0.0, 0.0, 0.0, 0.0, 0.0]"
"[0.0, 0.0, 0.0, 0.0, 0.0, 0.0, 0.0]"
"[0.0, 0.0, 0.0, 0.0, 0.0, 0.0, 0.0]"
"[2.3276970929588456, -3.698074018075058, -6.846894958948956, 0.43517941983013286, -3.5405021942530985, -12.423983472885318, 0.0]"
"[24.563812293277888, -31.714825693889892, -60.92100486790414, 5.21831617919534, -32.21388371088063, -119.95708243055986, 0.0]"
"[27.181859660636917, -20.78589464446585, -46.972491582647066, 6.172505132190346, -27.315253255127267, -107.35730269504312, 0.0]"
"[1.5824642239637459, -0.90318035322141, -2.3319900802956104, 0.3523903233744381, -1.4549774624449885, -5.665384503771232, 0.0]"
"[0.0, 0.0, 0.0, 0.0, 0.0, 0.0, 0.0]"
"[0.0, 0.0, 0.0, 0.0, 0.0, 0.0, 0.0]"
"[0.0, 0.0, 0.0, 0.0, 0.0, 0.0, 0.0]"
"[0.0, 0.0, 0.0, 0.0, 0.0, 0.0, 0.0]"
"[0.0, 0.0, 0.0, 0.0, 0.0, 0.0, 0.0]"
"[0.0, 0.0, 0.0, 0.0, 0.0, 0.0, 0.0]"
"[0.0, 0.0, 0.0, 0.0, 0.0, 0.0, 0.0]"
"[0.0, 0.0, 0.0, 0.0, 0.0, 0.0, 0.0]"
"[0.0, 0.0, 0.0, 0.0, 0.0, 0.0, 0.0]"
"[0.0, 0.0, 0.0, 0.0, 0.0, 0.0, 0.0]"
"[0.0, 0.0, 0.0, 0.0, 0.0, 0.0, 0.0]"
"[0.0, 0.0, 0.0, 0.0, 0.0, 0.0, 0.0]"
"[0.0, 0.0, 0.0, 0.0, 0.0, 0.0, 0.0]"
"[0.0, 0.0, 0.0, 0.0, 0.0, 0.0, 0.0]"
"[0.0, 0.0, 0.0, 0.0, 0.0, 0.0, 0.0]"
"[0.0, 0.0, 0.0, 0.0, 0.0, 0.0, 0.0]"
"[0.0, 0.0, 0.0, 0.0, 0.0, 0.0, 0.0]"
"[0.0, 0.0, 0.0, 0.0, 0.0, 0.0, 0.0]"
"[0.0, 0.0, 0.0, 0.0, 0.0, 0.0, 0.0]"
"[0.0, 0.0, 0.0, 0.0, 0.0, 0.0, 0.0]"
"[0.0, 0.0, 0.0, 0.0, 0.0, 0.0, 0.0]"
"[0.0, 0.0, 0.0, 0.0, 0.0, 0.0, 0.0]"
"[0.0, 0.0, 0.0, 0.0, 0.0, 0.0, 0.0]"
"[0.0, 0.0, 0.0, 0.0, 0.0, 0.0, 0.0]"
"[0.0, 0.0, 0.0, 0.0, 0.0, 0.0, 0.0]"
"[0.0, 0.0, 0.0, 0.0, 0.0, 0.0, 0.0]"
"[0.0, 0.0, 0.0, 0.0, 0.0, 0.0, 0.0]"
"[0.0, 0.0, 0.0, 0.0, 0.0, 0.0, 0.0]"
"[0.0, 0.0, 0.0, 0.0, 0.0, 0.0, 0.0]"
"[0.0, 0.0, 0.0, 0.0, 0.0, 0.0, 0.0]"
"[0.0, 0.0, 0.0, 0.0, 0.0, 0.0, 0.0]"
"[0.0, 0.0, 0.0, 0.0, 0.0, 0.0, 0.0]"
"[0.0, 0.0, 0.0, 0.0, 0.0, 0.0, 0.0]"
"[0.0, 0.0, 0.0, 0.0, 0.0, 0.0, 0.0]"
"[0.0, 0.0, 0.0, 0.0, 0.0, 0.0, 0.0]"
"[0.0, 0.0, 0.0, 0.0, 0.0, 0.0, 0.0]"
"[0.0, 0.0, 0.0, 0.0, 0.0, 0.0, 0.0]"
"[0.0, 0.0, 0.0, 0.0, 0.0, 0.0, 0.0]"
"[0.0, 0.0, 0.0, 0.0, 0.0, 0.0, 0.0]"
"[0.0, 0.0, 0.0, 0.0, 0.0, 0.0, 0.0]"
"[0.0, 0.0, 0.0, 0.0, 0.0, 0.0, 0.0]"
"[0.0, 0.0, 0.0, 0.0, 0.0, 0.0, 0.0]"
"[0.0, 0.0, 0.0, 0.0, 0.0, 0.0, 0.0]"
"[0.0, 0.0, 0.0, 0.0, 0.0, 0.0, 0.0]"
"[0.0, 0.0, 0.0, 0.0, 0.0, 0.0, 0.0]"
"[0.0, 0.0, 0.0, 0.0, 0.0, 0.0, 0.0]"
"[0.0, 0.0, 0.0, 0.0, 0.0, 0.0, 0.0]"
"[0.0, 0.0, 0.0, 0.0, 0.0, 0.0, 0.0]"
"[0.0, 0.0, 0.0, 0.0, 0.0, 0.0, 0.0]"
"[0.0, 0.0, 0.0, 0.0, 0.0, 0.0, 0.0]"
"[0.0, 0.0, 0.0, 0.0, 0.0, 0.0, 0.0]"
"[0.0, 0.0, 0.0, 0.0, 0.0, 0.0, 0.0]"
"[0.0, 0.0, 0.0, 0.0, 0.0, 0.0, 0.0]"
"[0.0, 0.0, 0.0, 0.0, 0.0, 0.0, 0.0]"
"[0.0, 0.0, 0.0, 0.0, 0.0, 0.0, 0.0]"
"[0.0, 0.0, 0.0, 0.0, 0.0, 0.0, 0.0]"
"[0.0, 0.0, 0.0, 0.0, 0.0, 0.0, 0.0]"
"[0.0, 0.0, 0.0, 0.0, 0.0, 0.0, 0.0]"
"[0.0, 0.0, 0.0, 0.0, 0.0, 0.0, 0.0]"
"[0.0, 0.0, 0.0, 0.0, 0.0, 0.0, 0.0]"
"[0.0, 0.0, 0.0, 0.0, 0.0, 0.0, 0.0]"
"[0.0, 0.0, 0.0, 0.0, 0.0, 0.0, 0.0]"
"[0.0, 0.0, 0.0, 0.0, 0.0, 0.0, 0.0]"
"[0.0, 0.0, 0.0, 0.0, 0.0, 0.0, 0.0]"
"[0.0, 0.0, 0.0, 0.0, 0.0, 0.0, 0.0]"
"[0.0, 0.0, 0.0, 0.0, 0.0, 0.0, 0.0]"
"[0.0, 0.0, 0.0, 0.0, 0.0, 0.0, 0.0]"
"[0.0, 0.0, 0.0, 0.0, 0.0, 0.0, 0.0]"
"[-8.167809148199817, -3.197226064634955, -2.394574676773614, 11.476559395376386, -0.23118568170565285, -12.516340437068584, 0.0]"
"[0.0, 0.0, 0.0, 0.0, 0.0, 0.0, 0.0]"
"[0.0, 0.0, 0.0, 0.0, 0.0, 0.0, 0.0]"
"[0.0, 0.0, 0.0, 0.0, 0.0, 0.0, 0.0]"
"[0.0, 0.0, 0.0, 0.0, 0.0, 0.0, 0.0]"
"[-0.2837968946545421, 5.917154668088011, -12.688978590982533, 0.7346337494245623, -18.566583475568407, -1.5272011633891729, 0.0]"
"[-0.3931133252686557, 11.241931298329048, -15.527714493066552, 1.3565067319026205, -26.707482532212023, -2.451845386077348, 0.0]"
"[-0.39279892312342357, 14.610857219640721, -13.213084619206999, 1.868089608283868, -27.75059585244554, -2.962304482896717, 0.0]"
"[-0.11105169219958692, 4.933056316717519, -3.169127093276346, 0.6994738565680407, -8.077689070969729, -1.0088799852265904, 0.0]"
"[0.0, 0.0, 0.0, 0.0, 0.0, 0.0, 0.0]"
"[0.0, 0.0, 0.0, 0.0, 0.0, 0.0, 0.0]"
"[0.0, 0.0, 0.0, 0.0, 0.0, 0.0, 0.0]"
"[0.0, 0.0, 0.0, 0.0, 0.0, 0.0, 0.0]"
"[0.0, 0.0, 0.0, 0.0, 0.0, 0.0, 0.0]"
"[0.0, 0.0, 0.0, 0.0, 0.0, 0.0, 0.0]"
"[0.0, 0.0, 0.0, 0.0, 0.0, 0.0, 0.0]"
"[0.0, 0.0, 0.0, 0.0, 0.0, 0.0, 0.0]"
"[0.0, 0.0, 0.0, 0.0, 0.0, 0.0, 0.0]"
"[0.0, 0.0, 0.0, 0.0, 0.0, 0.0, 0.0]"
"[0.0, 0.0, 0.0, 0.0, 0.0, 0.0, 0.0]"
"[0.0, 0.0, 0.0, 0.0, 0.0, 0.0, 0.0]"
"[0.0, 0.0, 0.0, 0.0, 0.0, 0.0, 0.0]"
"[0.0, 0.0, 0.0, 0.0, 0.0, 0.0, 0.0]"
"[0.03476837093864911, -6.117520828711274, 4.232360016370605, -0.8864844894038427, 10.323439048370643, 1.17524823892588, 0.0]"
"[0.25969339719740514, -32.02561296150381, 41.298130929645964, -4.045247837831752, 73.18246484326265, 6.208208238529295, 0.0]"
"[0.31049052791099485, -7.331419187159551, 71.2991153117125, -1.9098077634040713, 78.52354300061839, 4.590746018536698, 0.0]"
"[0.10877194314132327, 4.043241896649884, 30.4804704919906, -0.3271324972671425, 26.405449859566765, 1.3476595024933384, 0.0]"
"[0.0, 0.0, 0.0, 0.0, 0.0, 0.0, 0.0]"
"[0.0, 0.0, 0.0, 0.0, 0.0, 0.0, 0.0]"
"[0.0, 0.0, 0.0, 0.0, 0.0, 0.0, 0.0]"
"[0.0, 0.0, 0.0, 0.0, 0.0, 0.0, 0.0]"
"[0.0, 0.0, 0.0, 0.0, 0.0, 0.0, 0.0]"
"[0.0, 0.0, 0.0, 0.0, 0.0, 0.0, 0.0]"
"[0.0, 0.0, 0.0, 0.0, 0.0, 0.0, 0.0]"
"[0.0, 0.0, 0.0, 0.0, 0.0, 0.0, 0.0]"
"[0.0, 0.0, 0.0, 0.0, 0.0, 0.0, 0.0]"
"[0.0, 0.0, 0.0, 0.0, 0.0, 0.0, 0.0]"
"[0.0, 0.0, 0.0, 0.0, 0.0, 0.0, 0.0]"
"[0.0, 0.0, 0.0, 0.0, 0.0, 0.0, 0.0]"
"[0.0, 0.0, 0.0, 0.0, 0.0, 0.0, 0.0]"
"[0.0, 0.0, 0.0, 0.0, 0.0, 0.0, 0.0]"
"[-9.804710940343917, 22.56868671596048, 6.829877115745046, -1.357350366986823, -15.119789982624004, -10.493995702135033, 0.0]"
"[-14.71859491606121, 48.12726142033737, 22.04664340486536, -2.903943291203308, -25.369733634204373, -15.356671188323801, 0.0]"
"[-2.993948535877974, 12.492564548567769, 7.202464361856065, -0.7690985638113293, -5.185929983472079, -3.0185175800961566, 0.0]"
"[0.0, 0.0, 0.0, 0.0, 0.0, 0.0, 0.0]"
"[0.0, 0.0, 0.0, 0.0, 0.0, 0.0, 0.0]"
"[0.0, 0.0, 0.0, 0.0, 0.0, 0.0, 0.0]"
"[0.0, 0.0, 0.0, 0.0, 0.0, 0.0, 0.0]"
"[0.0, 0.0, 0.0, 0.0, 0.0, 0.0, 0.0]"
"[0.0, 0.0, 0.0, 0.0, 0.0, 0.0, 0.0]"
"[0.0, 0.0, 0.0, 0.0, 0.0, 0.0, 0.0]"
"[16.552685123317225, 8.861902363166621, 8.477623967630656, -11.406391154485553, 6.12177304835643, 18.530209303143504, 0.0]"
"[0.0, 0.0, 0.0, 0.0, 0.0, 0.0, 0.0]"
"[0.0, 0.0, 0.0, 0.0, 0.0, 0.0, 0.0]"
"[0.0, 0.0, 0.0, 0.0, 0.0, 0.0, 0.0]"
"[0.0, 0.0, 0.0, 0.0, 0.0, 0.0, 0.0]"
"[-0.019341763375680495, -1.1166615442681551, -18.75360942296899, -0.021591845467263556, -17.63692472009068, 0.036095928927610835, 0.0]"
"[-0.0543216083769155, 4.784728513606938, -43.79689758088719, -0.08863112267145065, -48.58153730203492, 0.12024758809176367, 0.0]"
"[-0.01811164063657058, 4.101943530584736, -11.986998215071656, -0.04239709193195833, -16.088898203200433, 0.0508721494026475, 0.0]"
"[0.0, 0.0, 0.0, 0.0, 0.0, 0.0, 0.0]"
"[0.0, 0.0, 0.0, 0.0, 0.0, 0.0, 0.0]"
"[0.0, 0.0, 0.0, 0.0, 0.0, 0.0, 0.0]"
"[0.0, 0.0, 0.0, 0.0, 0.0, 0.0, 0.0]"
"[0.0, 0.0, 0.0, 0.0, 0.0, 0.0, 0.0]"
"[0.0, 0.0, 0.0, 0.0, 0.0, 0.0, 0.0]"
"[0.0, 0.0, 0.0, 0.0, 0.0, 0.0, 0.0]"
"[0.0, 0.0, 0.0, 0.0, 0.0, 0.0, 0.0]"
"[0.0, 0.0, 0.0, 0.0, 0.0, 0.0, 0.0]"
"[0.0, 0.0, 0.0, 0.0, 0.0, 0.0, 0.0]"
"[0.0, 0.0, 0.0, 0.0, 0.0, 0.0, 0.0]"
"[0.0077170073581802525, -1.823610989521922, 5.030057382649571, 0.01854532930091329, 6.853648735377629, -0.022103240873628385, 0.0]"
"[0.05219776305553202, -6.846176935312458, 39.69528019183532, 0.09518008013640945, 46.54135979695211, -0.12350396081984658, 0.0]"
"[0.033305566532982535, 1.1770673104009248, 31.424320673016325, 0.0394533204203225, 30.2472127016455, -0.06343874365022555, 0.0]"
"[0.0, 0.0, 0.0, 0.0, 0.0, 0.0, 0.0]"
"[0.0, 0.0, 0.0, 0.0, 0.0, 0.0, 0.0]"
"[0.0, 0.0, 0.0, 0.0, 0.0, 0.0, 0.0]"
"[0.0, 0.0, 0.0, 0.0, 0.0, 0.0, 0.0]"
"[0.0, 0.0, 0.0, 0.0, 0.0, 0.0, 0.0]"
"[0.0, 0.0, 0.0, 0.0, 0.0, 0.0, 0.0]"
"[0.0, 0.0, 0.0, 0.0, 0.0, 0.0, 0.0]"
"[0.0, 0.0, 0.0, 0.0, 0.0, 0.0, 0.0]"
"[0.0, 0.0, 0.0, 0.0, 0.0, 0.0, 0.0]"
"[0.0, 0.0, 0.0, 0.0, 0.0, 0.0, 0.0]"
"[0.0, 0.0, 0.0, 0.0, 0.0, 0.0, 0.0]"
"[0.3853129824322367, -0.18965573031359523, -0.5652775547676565, -0.01884034978385954, -0.4002005803474695, -0.05309450219352056, 0.0]"
"[27.038589612606728, -10.592384577129065, -36.00864460618592, -1.384239434366988, -27.054507368467444, -2.783634204728588, 0.0]"
"[35.916546335417465, -3.7575688077272775, -35.216591964369144, -2.2220090936195955, -33.289399448536685, -0.5066312560372528, 0.0]"
"[4.309831437031475, 0.20313310760863199, -3.5128260542927956, -0.30461624505966656, -3.913543434500512, 0.10063147155847216, 0.0]"
"[0.0, 0.0, 0.0, 0.0, 0.0, 0.0, 0.0]"
"[0.0, 0.0, 0.0, 0.0, 0.0, 0.0, 0.0]"
"[0.0, 0.0, 0.0, 0.0, 0.0, 0.0, 0.0]"
"[0.0, 0.0, 0.0, 0.0, 0.0, 0.0, 0.0]"
"[0.0, 0.0, 0.0, 0.0, 0.0, 0.0, 0.0]"
"[0.0, 0.0, 0.0, 0.0, 0.0, 0.0, 0.0]"
"[0.0, 0.0, 0.0, 0.0, 0.0, 0.0, 0.0]"
"[0.0, 0.0, 0.0, 0.0, 0.0, 0.0, 0.0]"
"[0.0, 0.0, 0.0, 0.0, 0.0, 0.0, 0.0]"
"[0.0, 0.0, 0.0, 0.0, 0.0, 0.0, 0.0]"
"[0.0, 0.0, 0.0, 0.0, 0.0, 0.0, 0.0]"
"[0.0, 0.0, 0.0, 0.0, 0.0, 0.0, 0.0]"
"[0.0, 0.0, 0.0, 0.0, 0.0, 0.0, 0.0]"
"[0.0, 0.0, 0.0, 0.0, 0.0, 0.0, 0.0]"
"[0.0, 0.0, 0.0, 0.0, 0.0, 0.0, 0.0]"
"[0.0, 0.0, 0.0, 0.0, 0.0, 0.0, 0.0]"
"[0.0, 0.0, 0.0, 0.0, 0.0, 0.0, 0.0]"
"[0.0, 0.0, 0.0, 0.0, 0.0, 0.0, 0.0]"
"[0.0, 0.0, 0.0, 0.0, 0.0, 0.0, 0.0]"
"[0.0, 0.0, 0.0, 0.0, 0.0, 0.0, 0.0]"
"[0.0, 0.0, 0.0, 0.0, 0.0, 0.0, 0.0]"
"[0.0, 0.0, 0.0, 0.0, 0.0, 0.0, 0.0]"
"[0.0, 0.0, 0.0, 0.0, 0.0, 0.0, 0.0]"
"[0.0, 0.0, 0.0, 0.0, 0.0, 0.0, 0.0]"
"[0.0, 0.0, 0.0, 0.0, 0.0, 0.0, 0.0]"
"[0.0, 0.0, 0.0, 0.0, 0.0, 0.0, 0.0]"
"[0.0, 0.0, 0.0, 0.0, 0.0, 0.0, 0.0]"
"[0.0, 0.0, 0.0, 0.0, 0.0, 0.0, 0.0]"
"[0.0, 0.0, 0.0, 0.0, 0.0, 0.0, 0.0]"
"[0.0, 0.0, 0.0, 0.0, 0.0, 0.0, 0.0]"
"[0.0, 0.0, 0.0, 0.0, 0.0, 0.0, 0.0]"
"[0.0, 0.0, 0.0, 0.0, 0.0, 0.0, 0.0]"
"[0.0, 0.0, 0.0, 0.0, 0.0, 0.0, 0.0]"
"[0.0, 0.0, 0.0, 0.0, 0.0, 0.0, 0.0]"
"[0.0, 0.0, 0.0, 0.0, 0.0, 0.0, 0.0]"
"[0.0, 0.0, 0.0, 0.0, 0.0, 0.0, 0.0]"
"[0.0, 0.0, 0.0, 0.0, 0.0, 0.0, 0.0]"
"[0.0, 0.0, 0.0, 0.0, 0.0, 0.0, 0.0]"
"[0.0, 0.0, 0.0, 0.0, 0.0, 0.0, 0.0]"
"[0.0, 0.0, 0.0, 0.0, 0.0, 0.0, 0.0]"
"[0.0, 0.0, 0.0, 0.0, 0.0, 0.0, 0.0]"
"[0.0, 0.0, 0.0, 0.0, 0.0, 0.0, 0.0]"
"[0.0, 0.0, 0.0, 0.0, 0.0, 0.0, 0.0]"
"[0.0, 0.0, 0.0, 0.0, 0.0, 0.0, 0.0]"
"[0.0, 0.0, 0.0, 0.0, 0.0, 0.0, 0.0]"
"[0.0, 0.0, 0.0, 0.0, 0.0, 0.0, 0.0]"
"[0.0, 0.0, 0.0, 0.0, 0.0, 0.0, 0.0]"
"[0.0, 0.0, 0.0, 0.0, 0.0, 0.0, 0.0]"
"[0.0, 0.0, 0.0, 0.0, 0.0, 0.0, 0.0]"
"[0.0, 0.0, 0.0, 0.0, 0.0, 0.0, 0.0]"
"[0.0, 0.0, 0.0, 0.0, 0.0, 0.0, 0.0]"
"[0.0, 0.0, 0.0, 0.0, 0.0, 0.0, 0.0]"
"[0.0, 0.0, 0.0, 0.0, 0.0, 0.0, 0.0]"
"[0.0, 0.0, 0.0, 0.0, 0.0, 0.0, 0.0]"
"[0.0, 0.0, 0.0, 0.0, 0.0, 0.0, 0.0]"
"[0.0, 0.0, 0.0, 0.0, 0.0, 0.0, 0.0]"
"[0.0, 0.0, 0.0, 0.0, 0.0, 0.0, 0.0]"
"[0.0, 0.0, 0.0, 0.0, 0.0, 0.0, 0.0]"
"[0.0, 0.0, 0.0, 0.0, 0.0, 0.0, 0.0]"
"[0.0, 0.0, 0.0, 0.0, 0.0, 0.0, 0.0]"
"[0.0, 0.0, 0.0, 0.0, 0.0, 0.0, 0.0]"
"[0.0, 0.0, 0.0, 0.0, 0.0, 0.0, 0.0]"
"[0.0, 0.0, 0.0, 0.0, 0.0, 0.0, 0.0]"
"[0.0, 0.0, 0.0, 0.0, 0.0, 0.0, 0.0]"
"[0.0, 0.0, 0.0, 0.0, 0.0, 0.0, 0.0]"
"[0.0, 0.0, 0.0, 0.0, 0.0, 0.0, 0.0]"
"[0.0, 0.0, 0.0, 0.0, 0.0, 0.0, 0.0]"
"[0.0, 0.0, 0.0, 0.0, 0.0, 0.0, 0.0]"
"[0.0, 0.0, 0.0, 0.0, 0.0, 0.0, 0.0]"
"[0.0, 0.0, 0.0, 0.0, 0.0, 0.0, 0.0]"
"[0.0, 0.0, 0.0, 0.0, 0.0, 0.0, 0.0]"
"[0.0, 0.0, 0.0, 0.0, 0.0, 0.0, 0.0]"
"[0.0, 0.0, 0.0, 0.0, 0.0, 0.0, 0.0]"
"[0.0, 0.0, 0.0, 0.0, 0.0, 0.0, 0.0]"
"[0.0, 0.0, 0.0, 0.0, 0.0, 0.0, 0.0]"
"[0.0, 0.0, 0.0, 0.0, 0.0, 0.0, 0.0]"
"[2.8128556749886067, 8.335018155497252, 9.40941801099766, 0.5384603110954824, 6.80879274866404, 0.5366584751759214, 0.0]"
"[0.0, 0.0, 0.0, 0.0, 0.0, 0.0, 0.0]"
"[0.0, 0.0, 0.0, 0.0, 0.0, 0.0, 0.0]"
"[0.0, 0.0, 0.0, 0.0, 0.0, 0.0, 0.0]"
"[0.0, 0.0, 0.0, 0.0, 0.0, 0.0, 0.0]"
"[-0.2948620945946537, 7.243947515780137, -15.015595446835459, -0.2533823824455927, -22.260539316460772, 0.1353672790366447, 0.0]"
"[-0.31759240386350074, 10.264183742226198, -13.965946489339887, -0.3492948069373943, -24.230750071233263, 0.21685470418713637, 0.0]"
"[-0.31752572947781377, 12.75442887870418, -11.688851920064138, -0.45156413651449434, -24.443274822352794, 0.3143669804300945, 0.0]"
"[-0.02347422792673655, 1.0576314209229083, -0.756267253042667, -0.03946680070578402, -1.813860681038317, 0.029109989433169975, 0.0]"
"[0.0, 0.0, 0.0, 0.0, 0.0, 0.0, 0.0]"
"[0.0, 0.0, 0.0, 0.0, 0.0, 0.0, 0.0]"
"[0.0, 0.0, 0.0, 0.0, 0.0, 0.0, 0.0]"
"[0.0, 0.0, 0.0, 0.0, 0.0, 0.0, 0.0]"
"[0.0, 0.0, 0.0, 0.0, 0.0, 0.0, 0.0]"
"[0.0, 0.0, 0.0, 0.0, 0.0, 0.0, 0.0]"
"[0.0, 0.0, 0.0, 0.0, 0.0, 0.0, 0.0]"
"[0.0, 0.0, 0.0, 0.0, 0.0, 0.0, 0.0]"
"[0.0, 0.0, 0.0, 0.0, 0.0, 0.0, 0.0]"
"[0.0, 0.0, 0.0, 0.0, 0.0, 0.0, 0.0]"
"[0.0, 0.0, 0.0, 0.0, 0.0, 0.0, 0.0]"
"[0.0, 0.0, 0.0, 0.0, 0.0, 0.0, 0.0]"
"[0.0, 0.0, 0.0, 0.0, 0.0, 0.0, 0.0]"
"[0.0, 0.0, 0.0, 0.0, 0.0, 0.0, 0.0]"
"[0.0, 0.0, 0.0, 0.0, 0.0, 0.0, 0.0]"
"[0.0, 0.0, 0.0, 0.0, 0.0, 0.0, 0.0]"
"[0.0, 0.0, 0.0, 0.0, 0.0, 0.0, 0.0]"
"[0.0, 0.0, 0.0, 0.0, 0.0, 0.0, 0.0]"
"[0.0, 0.0, 0.0, 0.0, 0.0, 0.0, 0.0]"
"[-0.2092497821342164, -9.997800388180178, 5.273954046400617, 0.21658183012566642, 14.424271819441605, -0.27539682919248426, 0.0]"
"[-0.616254511555488, -22.806409742475484, 21.62432427074701, 0.4261776573908792, 41.95877756202086, -0.6405609670165949, 0.0]"
"[-0.15424041239449898, -4.197931594085509, 6.72281176607098, 0.07222192669582558, 10.30746408967563, -0.13537636372184936, 0.0]"
"[0.0, 0.0, 0.0, 0.0, 0.0, 0.0, 0.0]"
"[0.0, 0.0, 0.0, 0.0, 0.0, 0.0, 0.0]"
"[0.0, 0.0, 0.0, 0.0, 0.0, 0.0, 0.0]"
"[0.0, 0.0, 0.0, 0.0, 0.0, 0.0, 0.0]"
"[0.0, 0.0, 0.0, 0.0, 0.0, 0.0, 0.0]"
"[0.0, 0.0, 0.0, 0.0, 0.0, 0.0, 0.0]"
"[0.0, 0.0, 0.0, 0.0, 0.0, 0.0, 0.0]"
"[0.0, 0.0, 0.0, 0.0, 0.0, 0.0, 0.0]"
"[0.0, 0.0, 0.0, 0.0, 0.0, 0.0, 0.0]"
"[0.0, 0.0, 0.0, 0.0, 0.0, 0.0, 0.0]"
"[0.0, 0.0, 0.0, 0.0, 0.0, 0.0, 0.0]"
"[0.0, 0.0, 0.0, 0.0, 0.0, 0.0, 0.0]"
"[0.0, 0.0, 0.0, 0.0, 0.0, 0.0, 0.0]"
"[0.0, 0.0, 0.0, 0.0, 0.0, 0.0, 0.0]"
"[0.0, 0.0, 0.0, 0.0, 0.0, 0.0, 0.0]"
"[0.0, 0.0, 0.0, 0.0, 0.0, 0.0, 0.0]"
"[0.0, 0.0, 0.0, 0.0, 0.0, 0.0, 0.0]"
"[0.0, 0.0, 0.0, 0.0, 0.0, 0.0, 0.0]"
"[0.0, 0.0, 0.0, 0.0, 0.0, 0.0, 0.0]"
"[0.0, 0.0, 0.0, 0.0, 0.0, 0.0, 0.0]"
"[0.0, 0.0, 0.0, 0.0, 0.0, 0.0, 0.0]"
"[0.0, 0.0, 0.0, 0.0, 0.0, 0.0, 0.0]"
"[0.0, 0.0, 0.0, 0.0, 0.0, 0.0, 0.0]"
"[0.0, 0.0, 0.0, 0.0, 0.0, 0.0, 0.0]"
"[0.0, 0.0, 0.0, 0.0, 0.0, 0.0, 0.0]"
"[0.0, 0.0, 0.0, 0.0, 0.0, 0.0, 0.0]"
"[0.0, 0.0, 0.0, 0.0, 0.0, 0.0, 0.0]"
"[0.0, 0.0, 0.0, 0.0, 0.0, 0.0, 0.0]"
"[0.0, 0.0, 0.0, 0.0, 0.0, 0.0, 0.0]"
"[0.0, 0.0, 0.0, 0.0, 0.0, 0.0, 0.0]"
"[0.0, 0.0, 0.0, 0.0, 0.0, 0.0, 0.0]"
"[0.0, 0.0, 0.0, 0.0, 0.0, 0.0, 0.0]"
"[0.0, 0.0, 0.0, 0.0, 0.0, 0.0, 0.0]"
"[0.0, 0.0, 0.0, 0.0, 0.0, 0.0, 0.0]"
"[0.0, 0.0, 0.0, 0.0, 0.0, 0.0, 0.0]"
"[0.0, 0.0, 0.0, 0.0, 0.0, 0.0, 0.0]"
"[0.0, 0.0, 0.0, 0.0, 0.0, 0.0, 0.0]"
"[0.0, 0.0, 0.0, 0.0, 0.0, 0.0, 0.0]"
"[0.0, 0.0, 0.0, 0.0, 0.0, 0.0, 0.0]"
"[0.0, 0.0, 0.0, 0.0, 0.0, 0.0, 0.0]"
"[0.0, 0.0, 0.0, 0.0, 0.0, 0.0, 0.0]"
"[0.0, 0.0, 0.0, 0.0, 0.0, 0.0, 0.0]"
"[0.0, 0.0, 0.0, 0.0, 0.0, 0.0, 0.0]"
"[0.0, 0.0, 0.0, 0.0, 0.0, 0.0, 0.0]"
"[0.0, 0.0, 0.0, 0.0, 0.0, 0.0, 0.0]"
"[0.0, 0.0, 0.0, 0.0, 0.0, 0.0, 0.0]"
"[0.0, 0.0, 0.0, 0.0, 0.0, 0.0, 0.0]"
"[0.0, 0.0, 0.0, 0.0, 0.0, 0.0, 0.0]"
"[0.529116612310905, -2.392274397127201, -2.445492242932178, -0.0014039733358116391, -0.04597382321047732, 0.5305938541623318, 0.0]"
"[10.62595239557874, -42.773789884732636, -40.94592880999968, 0.008372770552040937, 1.973145815124892, 10.595169586763138, 0.0]"
"[8.57065370544717, -27.53882925232388, -23.007073870101287, 0.04562573035675129, 4.648769329309602, 8.482303500985761, 0.0]"
"[0.0, 0.0, 0.0, 0.0, 0.0, 0.0, 0.0]"
"[0.0, 0.0, 0.0, 0.0, 0.0, 0.0, 0.0]"
"[0.0, 0.0, 0.0, 0.0, 0.0, 0.0, 0.0]"
"[0.0, 0.0, 0.0, 0.0, 0.0, 0.0, 0.0]"
"[0.0, 0.0, 0.0, 0.0, 0.0, 0.0, 0.0]"
"[0.0, 0.0, 0.0, 0.0, 0.0, 0.0, 0.0]"
"[0.0, 0.0, 0.0, 0.0, 0.0, 0.0, 0.0]"
"[0.0, 0.0, 0.0, 0.0, 0.0, 0.0, 0.0]"
"[0.0, 0.0, 0.0, 0.0, 0.0, 0.0, 0.0]"
"[0.0, 0.0, 0.0, 0.0, 0.0, 0.0, 0.0]"
"[0.0, 0.0, 0.0, 0.0, 0.0, 0.0, 0.0]"
"[0.0, 0.0, 0.0, 0.0, 0.0, 0.0, 0.0]"
"[0.0, 0.0, 0.0, 0.0, 0.0, 0.0, 0.0]"
"[0.0, 0.0, 0.0, 0.0, 0.0, 0.0, 0.0]"
"[0.0, 0.0, 0.0, 0.0, 0.0, 0.0, 0.0]"
"[0.0, 0.0, 0.0, 0.0, 0.0, 0.0, 0.0]"
"[0.0, 0.0, 0.0, 0.0, 0.0, 0.0, 0.0]"
"[0.0, 0.0, 0.0, 0.0, 0.0, 0.0, 0.0]"
"[0.0, 0.0, 0.0, 0.0, 0.0, 0.0, 0.0]"
"[0.0, 0.0, 0.0, 0.0, 0.0, 0.0, 0.0]"
"[0.0, 0.0, 0.0, 0.0, 0.0, 0.0, 0.0]"
"[0.0, 0.0, 0.0, 0.0, 0.0, 0.0, 0.0]"
"[0.0, 0.0, 0.0, 0.0, 0.0, 0.0, 0.0]"
"[0.0, 0.0, 0.0, 0.0, 0.0, 0.0, 0.0]"
"[0.0, 0.0, 0.0, 0.0, 0.0, 0.0, 0.0]"
"[0.0, 0.0, 0.0, 0.0, 0.0, 0.0, 0.0]"
"[0.0, 0.0, 0.0, 0.0, 0.0, 0.0, 0.0]"
"[0.0, 0.0, 0.0, 0.0, 0.0, 0.0, 0.0]"
"[-12.49494230817258, -5.320319078033957, -4.071604684065185, 0.8320600479933002, 0.807861221372474, -58.806432942381555, 0.0]"
"[-50.387910601639014, -12.29579875141075, -8.67006796259035, 3.3352985521501743, 3.8392950093542417, -222.2886158210917, 0.0]"
"[-9.35627913925496, -0.8989047615226878, -0.5277926761898332, 0.4374841551077626, 0.6904813255563371, -40.276918610986094, 0.0]"
"[0.0, 0.0, 0.0, 0.0, 0.0, 0.0, 0.0]"
"[0.0, 0.0, 0.0, 0.0, 0.0, 0.0, 0.0]"
"[0.0, 0.0, 0.0, 0.0, 0.0, 0.0, 0.0]"
"[0.0, 0.0, 0.0, 0.0, 0.0, 0.0, 0.0]"
"[0.0, 0.0, 0.0, 0.0, 0.0, 0.0, 0.0]"
"[0.0, 0.0, 0.0, 0.0, 0.0, 0.0, 0.0]"
"[0.0, 0.0, 0.0, 0.0, 0.0, 0.0, 0.0]"
"[0.0, 0.0, 0.0, 0.0, 0.0, 0.0, 0.0]"
"[0.0, 0.0, 0.0, 0.0, 0.0, 0.0, 0.0]"
"[0.0, 0.0, 0.0, 0.0, 0.0, 0.0, 0.0]"
"[0.0, 0.0, 0.0, 0.0, 0.0, 0.0, 0.0]"
"[0.0, 0.0, 0.0, 0.0, 0.0, 0.0, 0.0]"
"[0.0, 0.0, 0.0, 0.0, 0.0, 0.0, 0.0]"
"[0.0, 0.0, 0.0, 0.0, 0.0, 0.0, 0.0]"
"[0.0, 0.0, 0.0, 0.0, 0.0, 0.0, 0.0]"
"[0.0, 0.0, 0.0, 0.0, 0.0, 0.0, 0.0]"
"[0.0, 0.0, 0.0, 0.0, 0.0, 0.0, 0.0]"
"[0.0, 0.0, 0.0, 0.0, 0.0, 0.0, 0.0]"
"[0.0, 0.0, 0.0, 0.0, 0.0, 0.0, 0.0]"
"[0.0, 0.0, 0.0, 0.0, 0.0, 0.0, 0.0]"
"[0.0, 0.0, 0.0, 0.0, 0.0, 0.0, 0.0]"
"[0.0, 0.0, 0.0, 0.0, 0.0, 0.0, 0.0]"
"[0.0, 0.0, 0.0, 0.0, 0.0, 0.0, 0.0]"
"[0.0, 0.0, 0.0, 0.0, 0.0, 0.0, 0.0]"
"[0.0, 0.0, 0.0, 0.0, 0.0, 0.0, 0.0]"
"[0.0, 0.0, 0.0, 0.0, 0.0, 0.0, 0.0]"
"[0.0, 0.0, 0.0, 0.0, 0.0, 0.0, 0.0]"
"[0.0, 0.0, 0.0, 0.0, 0.0, 0.0, 0.0]"
"[0.0, 0.0, 0.0, 0.0, 0.0, 0.0, 0.0]"
"[0.0, 0.0, 0.0, 0.0, 0.0, 0.0, 0.0]"
"[0.0, 0.0, 0.0, 0.0, 0.0, 0.0, 0.0]"
"[0.0, 0.0, 0.0, 0.0, 0.0, 0.0, 0.0]"
"[0.0, 0.0, 0.0, 0.0, 0.0, 0.0, 0.0]"
"[0.0, 0.0, 0.0, 0.0, 0.0, 0.0, 0.0]"
"[0.0, 0.0, 0.0, 0.0, 0.0, 0.0, 0.0]"
"[0.0, 0.0, 0.0, 0.0, 0.0, 0.0, 0.0]"
"[0.0, 0.0, 0.0, 0.0, 0.0, 0.0, 0.0]"
"[0.0, 0.0, 0.0, 0.0, 0.0, 0.0, 0.0]"
"[0.0, 0.0, 0.0, 0.0, 0.0, 0.0, 0.0]"
"[0.0, 0.0, 0.0, 0.0, 0.0, 0.0, 0.0]"
"[0.0, 0.0, 0.0, 0.0, 0.0, 0.0, 0.0]"
"[0.0, 0.0, 0.0, 0.0, 0.0, 0.0, 0.0]"
"[0.0, 0.0, 0.0, 0.0, 0.0, 0.0, 0.0]"
"[0.0, 0.0, 0.0, 0.0, 0.0, 0.0, 0.0]"
"[0.0, 0.0, 0.0, 0.0, 0.0, 0.0, 0.0]"
"[0.0, 0.0, 0.0, 0.0, 0.0, 0.0, 0.0]"
"[0.0, 0.0, 0.0, 0.0, 0.0, 0.0, 0.0]"
"[0.0, 0.0, 0.0, 0.0, 0.0, 0.0, 0.0]"
"[0.0, 0.0, 0.0, 0.0, 0.0, 0.0, 0.0]"
"[0.0, 0.0, 0.0, 0.0, 0.0, 0.0, 0.0]"
"[0.0, 0.0, 0.0, 0.0, 0.0, 0.0, 0.0]"
"[0.0, 0.0, 0.0, 0.0, 0.0, 0.0, 0.0]"
"[0.0, 0.0, 0.0, 0.0, 0.0, 0.0, 0.0]"
"[0.0, 0.0, 0.0, 0.0, 0.0, 0.0, 0.0]"
"[0.0, 0.0, 0.0, 0.0, 0.0, 0.0, 0.0]"
"[0.0, 0.0, 0.0, 0.0, 0.0, 0.0, 0.0]"
"[0.0, 0.0, 0.0, 0.0, 0.0, 0.0, 0.0]"
"[0.0, 0.0, 0.0, 0.0, 0.0, 0.0, 0.0]"
"[0.0, 0.0, 0.0, 0.0, 0.0, 0.0, 0.0]"
"[0.0, 0.0, 0.0, 0.0, 0.0, 0.0, 0.0]"
"[0.0, 0.0, 0.0, 0.0, 0.0, 0.0, 0.0]"
"[0.0, 0.0, 0.0, 0.0, 0.0, 0.0, 0.0]"
"[0.0, 0.0, 0.0, 0.0, 0.0, 0.0, 0.0]"
"[0.0, 0.0, 0.0, 0.0, 0.0, 0.0, 0.0]"
"[0.0, 0.0, 0.0, 0.0, 0.0, 0.0, 0.0]"
"[0.0, 0.0, 0.0, 0.0, 0.0, 0.0, 0.0]"
"[0.0, 0.0, 0.0, 0.0, 0.0, 0.0, 0.0]"
"[0.0, 0.0, 0.0, 0.0, 0.0, 0.0, 0.0]"
"[0.0, 0.0, 0.0, 0.0, 0.0, 0.0, 0.0]"
"[0.0, 0.0, 0.0, 0.0, 0.0, 0.0, 0.0]"
"[0.0, 0.0, 0.0, 0.0, 0.0, 0.0, 0.0]"
"[0.0, 0.0, 0.0, 0.0, 0.0, 0.0, 0.0]"
"[0.0, 0.0, 0.0, 0.0, 0.0, 0.0, 0.0]"
"[0.0, 0.0, 0.0, 0.0, 0.0, 0.0, 0.0]"
"[0.05814439988832685, 0.07126868174967907, 0.048309491107517144, -0.0021341264569615364, -0.010402312238626633, 0.5931808518787156, 0.0]"
"[13.152811614876223, 19.31653312379393, 13.768524140248898, 1.0430702046643816, -2.223335644422459, 156.48083599828604, 0.0]"
"[10.155048418346796, 18.449321080350337, 14.03461379616061, 3.074699941444331, -2.0175917770448693, 152.33790279494477, 0.0]"
"[8.285223515126921, 16.812160594791422, 13.480868162032873, 4.23172694321191, -2.535242636173438, 149.77749710153878, 0.0]"
"[7.5311620930210506, 14.97571738736634, 12.52042062132402, 4.288335124166152, -3.498124072104343, 148.9378619468691, 0.0]"
"[0.14830573839791159, 0.27157483142375966, 0.23294797723322191, 0.07158129630633939, -0.08267324337396241, 2.927931342455216, 0.0]"
"[0.0, 0.0, 0.0, 0.0, 0.0, 0.0, 0.0]"
"[0.0, 0.0, 0.0, 0.0, 0.0, 0.0, 0.0]"
"[0.0, 0.0, 0.0, 0.0, 0.0, 0.0, 0.0]"
"[0.0, 0.0, 0.0, 0.0, 0.0, 0.0, 0.0]"
"[0.0, 0.0, 0.0, 0.0, 0.0, 0.0, 0.0]"
"[0.0, 0.0, 0.0, 0.0, 0.0, 0.0, 0.0]"
"[0.0, 0.0, 0.0, 0.0, 0.0, 0.0, 0.0]"
"[0.0, 0.0, 0.0, 0.0, 0.0, 0.0, 0.0]"
"[0.0, 0.0, 0.0, 0.0, 0.0, 0.0, 0.0]"
"[0.0, 0.0, 0.0, 0.0, 0.0, 0.0, 0.0]"
"[0.0, 0.0, 0.0, 0.0, 0.0, 0.0, 0.0]"
"[0.0, 0.0, 0.0, 0.0, 0.0, 0.0, 0.0]"
"[0.0, 0.0, 0.0, 0.0, 0.0, 0.0, 0.0]"
"[0.0, 0.0, 0.0, 0.0, 0.0, 0.0, 0.0]"
"[0.0, 0.0, 0.0, 0.0, 0.0, 0.0, 0.0]"
"[0.0, 0.0, 0.0, 0.0, 0.0, 0.0, 0.0]"
"[0.0, 0.0, 0.0, 0.0, 0.0, 0.0, 0.0]"
"[0.0, 0.0, 0.0, 0.0, 0.0, 0.0, 0.0]"
"[0.0, 0.0, 0.0, 0.0, 0.0, 0.0, 0.0]"
"[0.0, 0.0, 0.0, 0.0, 0.0, 0.0, 0.0]"
"[0.0, 0.0, 0.0, 0.0, 0.0, 0.0, 0.0]"
"[0.0, 0.0, 0.0, 0.0, 0.0, 0.0, 0.0]"
"[0.0, 0.0, 0.0, 0.0, 0.0, 0.0, 0.0]"
"[0.0, 0.0, 0.0, 0.0, 0.0, 0.0, 0.0]"
"[0.0, 0.0, 0.0, 0.0, 0.0, 0.0, 0.0]"
"[0.0, 0.0, 0.0, 0.0, 0.0, 0.0, 0.0]"
"[0.0, 0.0, 0.0, 0.0, 0.0, 0.0, 0.0]"
"[0.0, 0.0, 0.0, 0.0, 0.0, 0.0, 0.0]"
"[0.0, 0.0, 0.0, 0.0, 0.0, 0.0, 0.0]"
"[0.0, 0.0, 0.0, 0.0, 0.0, 0.0, 0.0]"
"[0.0, 0.0, 0.0, 0.0, 0.0, 0.0, 0.0]"
"[0.0, 0.0, 0.0, 0.0, 0.0, 0.0, 0.0]"
"[0.0, 0.0, 0.0, 0.0, 0.0, 0.0, 0.0]"
"[0.0, 0.0, 0.0, 0.0, 0.0, 0.0, 0.0]"
"[0.0, 0.0, 0.0, 0.0, 0.0, 0.0, 0.0]"
"[0.0, 0.0, 0.0, 0.0, 0.0, 0.0, 0.0]"
"[0.0, 0.0, 0.0, 0.0, 0.0, 0.0, 0.0]"
"[0.0, 0.0, 0.0, 0.0, 0.0, 0.0, 0.0]"
"[0.0, 0.0, 0.0, 0.0, 0.0, 0.0, 0.0]"
"[0.0, 0.0, 0.0, 0.0, 0.0, 0.0, 0.0]"
"[0.0, 0.0, 0.0, 0.0, 0.0, 0.0, 0.0]"
"[0.0, 0.0, 0.0, 0.0, 0.0, 0.0, 0.0]"
"[0.0, 0.0, 0.0, 0.0, 0.0, 0.0, 0.0]"
"[0.0, 0.0, 0.0, 0.0, 0.0, 0.0, 0.0]"
"[0.0, 0.0, 0.0, 0.0, 0.0, 0.0, 0.0]"
"[0.0, 0.0, 0.0, 0.0, 0.0, 0.0, 0.0]"
"[0.0, 0.0, 0.0, 0.0, 0.0, 0.0, 0.0]"
"[0.0, 0.0, 0.0, 0.0, 0.0, 0.0, 0.0]"
"[0.0, 0.0, 0.0, 0.0, 0.0, 0.0, 0.0]"
"[0.0, 0.0, 0.0, 0.0, 0.0, 0.0, 0.0]"
"[0.0, 0.0, 0.0, 0.0, 0.0, 0.0, 0.0]"
"[0.0, 0.0, 0.0, 0.0, 0.0, 0.0, 0.0]"
"[0.0, 0.0, 0.0, 0.0, 0.0, 0.0, 0.0]"
"[0.0, 0.0, 0.0, 0.0, 0.0, 0.0, 0.0]"
"[0.0, 0.0, 0.0, 0.0, 0.0, 0.0, 0.0]"
"[0.0, 0.0, 0.0, 0.0, 0.0, 0.0, 0.0]"
"[0.0, 0.0, 0.0, 0.0, 0.0, 0.0, 0.0]"
"[0.0, 0.0, 0.0, 0.0, 0.0, 0.0, 0.0]"
"[0.0, 0.0, 0.0, 0.0, 0.0, 0.0, 0.0]"
"[0.0, 0.0, 0.0, 0.0, 0.0, 0.0, 0.0]"
"[0.0, 0.0, 0.0, 0.0, 0.0, 0.0, 0.0]"
"[0.0, 0.0, 0.0, 0.0, 0.0, 0.0, 0.0]"
"[0.0, 0.0, 0.0, 0.0, 0.0, 0.0, 0.0]"
"[0.0, 0.0, 0.0, 0.0, 0.0, 0.0, 0.0]"
"[0.0, 0.0, 0.0, 0.0, 0.0, 0.0, 0.0]"
"[0.0, 0.0, 0.0, 0.0, 0.0, 0.0, 0.0]"
"[0.0, 0.0, 0.0, 0.0, 0.0, 0.0, 0.0]"
"[0.0, 0.0, 0.0, 0.0, 0.0, 0.0, 0.0]"
"[0.0, 0.0, 0.0, 0.0, 0.0, 0.0, 0.0]"
"[0.0, 0.0, 0.0, 0.0, 0.0, 0.0, 0.0]"
"[0.0, 0.0, 0.0, 0.0, 0.0, 0.0, 0.0]"
"[0.0, 0.0, 0.0, 0.0, 0.0, 0.0, 0.0]"
"[0.0, 0.0, 0.0, 0.0, 0.0, 0.0, 0.0]"
"[0.0, 0.0, 0.0, 0.0, 0.0, 0.0, 0.0]"
"[0.0, 0.0, 0.0, 0.0, 0.0, 0.0, 0.0]"
"[0.0, 0.0, 0.0, 0.0, 0.0, 0.0, 0.0]"
"[0.0, 0.0, 0.0, 0.0, 0.0, 0.0, 0.0]"
"[0.0, 0.0, 0.0, 0.0, 0.0, 0.0, 0.0]"
"[0.0, 0.0, 0.0, 0.0, 0.0, 0.0, 0.0]"
"[0.0, 0.0, 0.0, 0.0, 0.0, 0.0, 0.0]"
"[0.0, 0.0, 0.0, 0.0, 0.0, 0.0, 0.0]"
"[0.0, 0.0, 0.0, 0.0, 0.0, 0.0, 0.0]"
"[0.0, 0.0, 0.0, 0.0, 0.0, 0.0, 0.0]"
"[0.0, 0.0, 0.0, 0.0, 0.0, 0.0, 0.0]"
"[0.0, 0.0, 0.0, 0.0, 0.0, 0.0, 0.0]"
"[0.0, 0.0, 0.0, 0.0, 0.0, 0.0, 0.0]"
"[0.0, 0.0, 0.0, 0.0, 0.0, 0.0, 0.0]"
"[0.0, 0.0, 0.0, 0.0, 0.0, 0.0, 0.0]"
"[0.0, 0.0, 0.0, 0.0, 0.0, 0.0, 0.0]"
"[0.0, 0.0, 0.0, 0.0, 0.0, 0.0, 0.0]"
"[0.0, 0.0, 0.0, 0.0, 0.0, 0.0, 0.0]"
"[0.0, 0.0, 0.0, 0.0, 0.0, 0.0, 0.0]"
"[0.0, 0.0, 0.0, 0.0, 0.0, 0.0, 0.0]"
"[0.0, 0.0, 0.0, 0.0, 0.0, 0.0, 0.0]"
"[0.0, 0.0, 0.0, 0.0, 0.0, 0.0, 0.0]"
"[0.0, 0.0, 0.0, 0.0, 0.0, 0.0, 0.0]"
"[0.0, 0.0, 0.0, 0.0, 0.0, 0.0, 0.0]"
"[0.0, 0.0, 0.0, 0.0, 0.0, 0.0, 0.0]"
"[0.0, 0.0, 0.0, 0.0, 0.0, 0.0, 0.0]"
"[0.0, 0.0, 0.0, 0.0, 0.0, 0.0, 0.0]"
"[0.0, 0.0, 0.0, 0.0, 0.0, 0.0, 0.0]"
"[0.0, 0.0, 0.0, 0.0, 0.0, 0.0, 0.0]"
"[0.0, 0.0, 0.0, 0.0, 0.0, 0.0, 0.0]"
"[0.0, 0.0, 0.0, 0.0, 0.0, 0.0, 0.0]"
"[0.0, 0.0, 0.0, 0.0, 0.0, 0.0, 0.0]"
"[0.0, 0.0, 0.0, 0.0, 0.0, 0.0, 0.0]"
"[0.0, 0.0, 0.0, 0.0, 0.0, 0.0, 0.0]"
"[0.0, 0.0, 0.0, 0.0, 0.0, 0.0, 0.0]"
"[0.0, 0.0, 0.0, 0.0, 0.0, 0.0, 0.0]"
"[0.0, 0.0, 0.0, 0.0, 0.0, 0.0, 0.0]"
"[0.0, 0.0, 0.0, 0.0, 0.0, 0.0, 0.0]"
"[0.0, 0.0, 0.0, 0.0, 0.0, 0.0, 0.0]"
"[0.0, 0.0, 0.0, 0.0, 0.0, 0.0, 0.0]"
"[0.0, 0.0, 0.0, 0.0, 0.0, 0.0, 0.0]"
"[0.0, 0.0, 0.0, 0.0, 0.0, 0.0, 0.0]"
"[0.0, 0.0, 0.0, 0.0, 0.0, 0.0, 0.0]"
"[0.0, 0.0, 0.0, 0.0, 0.0, 0.0, 0.0]"
"[0.0, 0.0, 0.0, 0.0, 0.0, 0.0, 0.0]"
"[0.0, 0.0, 0.0, 0.0, 0.0, 0.0, 0.0]"
"[0.0, 0.0, 0.0, 0.0, 0.0, 0.0, 0.0]"
"[0.0, 0.0, 0.0, 0.0, 0.0, 0.0, 0.0]"
"[0.0, 0.0, 0.0, 0.0, 0.0, 0.0, 0.0]"
"[0.0, 0.0, 0.0, 0.0, 0.0, 0.0, 0.0]"
"[0.0, 0.0, 0.0, 0.0, 0.0, 0.0, 0.0]"
"[0.0, 0.0, 0.0, 0.0, 0.0, 0.0, 0.0]"
"[0.0, 0.0, 0.0, 0.0, 0.0, 0.0, 0.0]"
"[0.0, 0.0, 0.0, 0.0, 0.0, 0.0, 0.0]"
"[0.0, 0.0, 0.0, 0.0, 0.0, 0.0, 0.0]"
"[0.0, 0.0, 0.0, 0.0, 0.0, 0.0, 0.0]"
"[0.0, 0.0, 0.0, 0.0, 0.0, 0.0, 0.0]"
"[0.0, 0.0, 0.0, 0.0, 0.0, 0.0, 0.0]"
"[0.0, 0.0, 0.0, 0.0, 0.0, 0.0, 0.0]"
"[0.0, 0.0, 0.0, 0.0, 0.0, 0.0, 0.0]"
"[0.0, 0.0, 0.0, 0.0, 0.0, 0.0, 0.0]"
"[0.0, 0.0, 0.0, 0.0, 0.0, 0.0, 0.0]"
"[0.0, 0.0, 0.0, 0.0, 0.0, 0.0, 0.0]"
"[0.0, 0.0, 0.0, 0.0, 0.0, 0.0, 0.0]"
"[0.0, 0.0, 0.0, 0.0, 0.0, 0.0, 0.0]"
"[0.0, 0.0, 0.0, 0.0, 0.0, 0.0, 0.0]"
"[0.0, 0.0, 0.0, 0.0, 0.0, 0.0, 0.0]"
"[0.0, 0.0, 0.0, 0.0, 0.0, 0.0, 0.0]"
"[0.0, 0.0, 0.0, 0.0, 0.0, 0.0, 0.0]"
"[0.0, 0.0, 0.0, 0.0, 0.0, 0.0, 0.0]"
"[0.0, 0.0, 0.0, 0.0, 0.0, 0.0, 0.0]"
"[0.0, 0.0, 0.0, 0.0, 0.0, 0.0, 0.0]"
"[0.0, 0.0, 0.0, 0.0, 0.0, 0.0, 0.0]"
"[0.0, 0.0, 0.0, 0.0, 0.0, 0.0, 0.0]"
"[0.0, 0.0, 0.0, 0.0, 0.0, 0.0, 0.0]"
"[0.0, 0.0, 0.0, 0.0, 0.0, 0.0, 0.0]"
"[0.0, 0.0, 0.0, 0.0, 0.0, 0.0, 0.0]"
"[0.0, 0.0, 0.0, 0.0, 0.0, 0.0, 0.0]"
"[0.0, 0.0, 0.0, 0.0, 0.0, 0.0, 0.0]"
"[0.0, 0.0, 0.0, 0.0, 0.0, 0.0, 0.0]"
"[0.0, 0.0, 0.0, 0.0, 0.0, 0.0, 0.0]"
"[0.0, 0.0, 0.0, 0.0, 0.0, 0.0, 0.0]"
"[0.0, 0.0, 0.0, 0.0, 0.0, 0.0, 0.0]"
"[0.0, 0.0, 0.0, 0.0, 0.0, 0.0, 0.0]"
"[0.0, 0.0, 0.0, 0.0, 0.0, 0.0, 0.0]"
"[0.0, 0.0, 0.0, 0.0, 0.0, 0.0, 0.0]"
"[0.0, 0.0, 0.0, 0.0, 0.0, 0.0, 0.0]"
"[0.0, 0.0, 0.0, 0.0, 0.0, 0.0, 0.0]"
"[0.0, 0.0, 0.0, 0.0, 0.0, 0.0, 0.0]"
"[0.0, 0.0, 0.0, 0.0, 0.0, 0.0, 0.0]"
"[0.0, 0.0, 0.0, 0.0, 0.0, 0.0, 0.0]"
"[0.0, 0.0, 0.0, 0.0, 0.0, 0.0, 0.0]"
"[0.0, 0.0, 0.0, 0.0, 0.0, 0.0, 0.0]"
"[0.0, 0.0, 0.0, 0.0, 0.0, 0.0, 0.0]"
"[0.0, 0.0, 0.0, 0.0, 0.0, 0.0, 0.0]"
"[0.0, 0.0, 0.0, 0.0, 0.0, 0.0, 0.0]"
"[0.0, 0.0, 0.0, 0.0, 0.0, 0.0, 0.0]"
"[0.0, 0.0, 0.0, 0.0, 0.0, 0.0, 0.0]"
"[0.0, 0.0, 0.0, 0.0, 0.0, 0.0, 0.0]"
"[0.0, 0.0, 0.0, 0.0, 0.0, 0.0, 0.0]"
"[0.0, 0.0, 0.0, 0.0, 0.0, 0.0, 0.0]"
"[0.0, 0.0, 0.0, 0.0, 0.0, 0.0, 0.0]"
"[0.0, 0.0, 0.0, 0.0, 0.0, 0.0, 0.0]"
"[0.0, 0.0, 0.0, 0.0, 0.0, 0.0, 0.0]"
"[0.0, 0.0, 0.0, 0.0, 0.0, 0.0, 0.0]"
"[0.0, 0.0, 0.0, 0.0, 0.0, 0.0, 0.0]"
"[0.0, 0.0, 0.0, 0.0, 0.0, 0.0, 0.0]"
"[0.0, 0.0, 0.0, 0.0, 0.0, 0.0, 0.0]"
"[0.0, 0.0, 0.0, 0.0, 0.0, 0.0, 0.0]"
"[0.0, 0.0, 0.0, 0.0, 0.0, 0.0, 0.0]"
"[0.0, 0.0, 0.0, 0.0, 0.0, 0.0, 0.0]"
"[0.0, 0.0, 0.0, 0.0, 0.0, 0.0, 0.0]"
"[0.0, 0.0, 0.0, 0.0, 0.0, 0.0, 0.0]"
"[0.0, 0.0, 0.0, 0.0, 0.0, 0.0, 0.0]"
"[0.0, 0.0, 0.0, 0.0, 0.0, 0.0, 0.0]"
"[0.0, 0.0, 0.0, 0.0, 0.0, 0.0, 0.0]"
"[0.0, 0.0, 0.0, 0.0, 0.0, 0.0, 0.0]"
"[0.0, 0.0, 0.0, 0.0, 0.0, 0.0, 0.0]"
"[0.0, 0.0, 0.0, 0.0, 0.0, 0.0, 0.0]"
"[0.0, 0.0, 0.0, 0.0, 0.0, 0.0, 0.0]"
"[0.0, 0.0, 0.0, 0.0, 0.0, 0.0, 0.0]"
"[0.0, 0.0, 0.0, 0.0, 0.0, 0.0, 0.0]"
"[0.0, 0.0, 0.0, 0.0, 0.0, 0.0, 0.0]"
"[0.0, 0.0, 0.0, 0.0, 0.0, 0.0, 0.0]"
"[0.0, 0.0, 0.0, 0.0, 0.0, 0.0, 0.0]"
"[0.0, 0.0, 0.0, 0.0, 0.0, 0.0, 0.0]"
"[0.0, 0.0, 0.0, 0.0, 0.0, 0.0, 0.0]"
"[0.0, 0.0, 0.0, 0.0, 0.0, 0.0, 0.0]"
"[0.0, 0.0, 0.0, 0.0, 0.0, 0.0, 0.0]"
"[0.0, 0.0, 0.0, 0.0, 0.0, 0.0, 0.0]"
"[0.0, 0.0, 0.0, 0.0, 0.0, 0.0, 0.0]"
"[0.0, 0.0, 0.0, 0.0, 0.0, 0.0, 0.0]"
"[0.0, 0.0, 0.0, 0.0, 0.0, 0.0, 0.0]"
"[0.0, 0.0, 0.0, 0.0, 0.0, 0.0, 0.0]"
"[0.0, 0.0, 0.0, 0.0, 0.0, 0.0, 0.0]"
"[0.0, 0.0, 0.0, 0.0, 0.0, 0.0, 0.0]"
"[0.0, 0.0, 0.0, 0.0, 0.0, 0.0, 0.0]"
"[0.0, 0.0, 0.0, 0.0, 0.0, 0.0, 0.0]"
"[0.0, 0.0, 0.0, 0.0, 0.0, 0.0, 0.0]"
"[0.0, 0.0, 0.0, 0.0, 0.0, 0.0, 0.0]"
"[0.0, 0.0, 0.0, 0.0, 0.0, 0.0, 0.0]"
"[0.0, 0.0, 0.0, 0.0, 0.0, 0.0, 0.0]"
"[0.0, 0.0, 0.0, 0.0, 0.0, 0.0, 0.0]"
"[0.0, 0.0, 0.0, 0.0, 0.0, 0.0, 0.0]"
"[0.0, 0.0, 0.0, 0.0, 0.0, 0.0, 0.0]"
"[0.0, 0.0, 0.0, 0.0, 0.0, 0.0, 0.0]"
"[0.0, 0.0, 0.0, 0.0, 0.0, 0.0, 0.0]"
"[0.0, 0.0, 0.0, 0.0, 0.0, 0.0, 0.0]"
"[0.0, 0.0, 0.0, 0.0, 0.0, 0.0, 0.0]"
"[0.5980429327115597, 0.06123626777705427, -0.9882399006067523, 0.0870671027330103, -0.8690387455206021, -3.8780836536507444, 0.0]"
"[8.833548540374606, 0.9045061569723329, -14.597053407328126, 1.2860472474767095, -12.836362974214007, -57.28223866305277, 0.0]"
"[8.833548540374606, 0.9045061569723329, -14.597053407328126, 1.2860472474767095, -12.836362974214007, -57.28223866305277, 0.0]"
"[8.833548540374606, 0.9045061569723329, -14.597053407328126, 1.2860472474767095, -12.836362974214007, -57.28223866305277, 0.0]"
"[8.833548540374606, 0.9045061569723329, -14.597053407328126, 1.2860472474767095, -12.836362974214007, -57.28223866305277, 0.0]"
"[8.833548540374606, 0.9045061569723329, -14.597053407328126, 1.2860472474767095, -12.836362974214007, -57.28223866305277, 0.0]"
"[8.833548540374606, 0.9045061569723329, -14.597053407328126, 1.2860472474767095, -12.836362974214007, -57.28223866305277, 0.0]"
"[8.833548540374606, 0.9045061569723329, -14.597053407328126, 1.2860472474767095, -12.836362974214007, -57.28223866305277, 0.0]"
"[8.833548540374606, 0.9045061569723329, -14.597053407328126, 1.2860472474767095, -12.836362974214007, -57.28223866305277, 0.0]"
"[0.42851897153316554, 0.043877955651275106, -0.7081088698653765, 0.06238666773441879, -0.6226970874901026, -2.7787843435310555, 0.0]"
"[0.0, 0.0, 0.0, 0.0, 0.0, 0.0, 0.0]"
"[0.0, 0.0, 0.0, 0.0, 0.0, 0.0, 0.0]"
"[0.0, 0.0, 0.0, 0.0, 0.0, 0.0, 0.0]"
"[4.1351884493296844e-06, -0.7568422162325645, -0.5703038803056983, -5.440896830045536e-06, 0.18654235133104624, 6.974530277082161, 0.0]"
"[5.719379969156194e-05, -20.01574300422272, -14.330124491922149, -6.539522989983617e-05, 5.685755542970795, 180.195239136192, 0.0]"
"[-4.249471834810782e-05, -20.743453556510683, -13.734423567043963, 5.550494693614327e-05, 7.00917086211835, 180.19506155127357, 0.0]"
"[-1.7573915205825868e-05, -3.008460980316959, -1.864787211820167, 1.8757855872450826e-05, 1.1436883893704841, 25.368837171875807, 0.0]"
"[0.0, 0.0, 0.0, 0.0, 0.0, 0.0, 0.0]"
"[0.0, 0.0, 0.0, 0.0, 0.0, 0.0, 0.0]"
"[0.0, 0.0, 0.0, 0.0, 0.0, 0.0, 0.0]"
"[0.0, 0.0, 0.0, 0.0, 0.0, 0.0, 0.0]"
"[0.0, 19.747813466103338, 14.76550636282815, 0.0, -4.982307530162012, 0.0, 0.0]"
"[0.0, 61.983427132921285, 54.990122800244876, 0.0, -6.99330433267641, 0.0, 0.0]"
"[0.0, 23.441847854171158, 24.26529204541331, 0.0, 0.8234441912421523, 0.0, 0.0]"
"[0.0, 0.0, 0.0, 0.0, 0.0, 0.0, 0.0]"
"[0.0, 0.0, 0.0, 0.0, 0.0, 0.0, 0.0]"
"[0.0, 0.0, 0.0, 0.0, 0.0, 0.0, 0.0]"
"[0.0, 0.0, 0.0, 0.0, 0.0, 0.0, 0.0]"
"[0.0, 0.0, 0.0, 0.0, 0.0, 0.0, 0.0]"
"[0.0, 0.0, 0.0, 0.0, 0.0, 0.0, 0.0]"
"[0.0, 0.0, 0.0, 0.0, 0.0, 0.0, 0.0]"
"[0.0, 0.0, 0.0, 0.0, 0.0, 0.0, 0.0]"
"[-0.0031152028398255343, -0.004015428776045157, -0.003130054874399842, -5.037837599857462e-09, 0.0008853727552207408, -0.003558872901830454, 0.0]"
"[-25.16354046844544, -30.175878205953882, -22.44993704705064, -3.731402895588443e-05, 7.725930059845842, -28.55806252367174, 0.0]"
"[-70.28110293667878, -54.86388041381553, -30.498625134804495, -5.8619033418984935e-05, 24.36520746768684, -77.52720281582113, 0.0]"
"[-54.634287019960134, -21.401682301919397, -5.758395458567527, -1.3455107274661092e-05, 15.64324202023544, -59.08526858505815, 0.0]"
"[-1.2359808936434582, -0.36518919074454287, -0.04364360479053896, -1.2673192383772115e-07, 0.32154454875242583, -1.3322580662451944, 0.0]"
"[0.0, 0.0, 0.0, 0.0, 0.0, 0.0, 0.0]"
"[0.0, 0.0, 0.0, 0.0, 0.0, 0.0, 0.0]"
"[0.0, 0.0, 0.0, 0.0, 0.0, 0.0, 0.0]"
"[0.0, 0.0, 0.0, 0.0, 0.0, 0.0, 0.0]"
"[-16.761956996844535, 8.919121419164757, 6.668407601784536, 3.771611864804729e-06, -2.250718940022098, -16.761956996844535, 0.0]"
"[-45.60968101302735, 34.40016920759376, 28.091121763705694, 1.2701679975943049e-05, -6.30906110426641, -45.60968784321652, 0.0]"
"[-11.161490452926515, 11.072206220096108, 9.901618518061703, 3.646840485761537e-06, -1.1705904767987543, -11.161492160473808, 0.0]"
"[0.0, 0.0, 0.0, 0.0, 0.0, 0.0, 0.0]"
"[0.0, 0.0, 0.0, 0.0, 0.0, 0.0, 0.0]"
"[0.0, 0.0, 0.0, 0.0, 0.0, 0.0, 0.0]"
"[0.0, 0.0, 0.0, 0.0, 0.0, 0.0, 0.0]"
"[18.743818346793777, -18.151043304201295, -16.094773873433937, -9.74198219733836e-06, 2.056277114730175, 18.743823469435654, 0.0]"
"[76.9257363575098, -48.48453837053698, -37.69052063269361, -3.099814799652756e-05, 10.7940553038838, 76.92575001788813, 0.0]"
"[77.72042203725161, -19.084788220349985, -12.949165255904061, -1.7339793812390215e-05, 6.1356686413359975, 77.72042886744079, 0.0]"
"[6.144229002800139, -0.6836837932282935, -0.45171472084135195, -8.893403898103405e-07, 0.2319728610074968, 6.144229429686963, 0.0]"
"[0.0, 0.0, 0.0, 0.0, 0.0, 0.0, 0.0]"
"[0.0, 0.0, 0.0, 0.0, 0.0, 0.0, 0.0]"
"[0.0, 0.0, 0.0, 0.0, 0.0, 0.0, 0.0]"
"[0.0, 0.0, 0.0, 0.0, 0.0, 0.0, 0.0]"
"[0.0, 0.0, 0.0, 0.0, 0.0, 0.0, 0.0]"
"[0.0, 0.0, 0.0, 0.0, 0.0, 0.0, 0.0]"
"[0.0, 0.0, 0.0, 0.0, 0.0, 0.0, 0.0]"
"[0.0, 0.0, 0.0, 0.0, 0.0, 0.0, 0.0]"
"[0.0, 0.0, 0.0, 0.0, 0.0, 0.0, 0.0]"
"[0.0, 0.0, 0.0, 0.0, 0.0, 0.0, 0.0]"
"[0.0, 0.0, 0.0, 0.0, 0.0, 0.0, 0.0]"
"[0.0, 0.0, 0.0, 0.0, 0.0, 0.0, 0.0]"
"[0.0, 0.0, 0.0, 0.0, 0.0, 0.0, 0.0]"
"[0.0, 0.0, 0.0, 0.0, 0.0, 0.0, 0.0]"
"[0.0, 0.0, 0.0, 0.0, 0.0, 0.0, 0.0]"
"[0.0, 0.0, 0.0, 0.0, 0.0, 0.0, 0.0]"
"[0.0, 0.0, 0.0, 0.0, 0.0, 0.0, 0.0]"
"[0.0, 0.0, 0.0, 0.0, 0.0, 0.0, 0.0]"
"[0.0, 0.0, 0.0, 0.0, 0.0, 0.0, 0.0]"
"[0.0, 0.0, 0.0, 0.0, 0.0, 0.0, 0.0]"
"[0.0, 0.0, 0.0, 0.0, 0.0, 0.0, 0.0]"
"[0.0, 0.0, 0.0, 0.0, 0.0, 0.0, 0.0]"
"[0.0, 0.0, 0.0, 0.0, 0.0, 0.0, 0.0]"
"[0.0, 0.0, 0.0, 0.0, 0.0, 0.0, 0.0]"
"[0.0, 0.0, 0.0, 0.0, 0.0, 0.0, 0.0]"
"[0.0, 0.0, 0.0, 0.0, 0.0, 0.0, 0.0]"
"[0.0, 0.0, 0.0, 0.0, 0.0, 0.0, 0.0]"
"[0.0, 0.0, 0.0, 0.0, 0.0, 0.0, 0.0]"
"[0.0, 0.0, 0.0, 0.0, 0.0, 0.0, 0.0]"
"[0.0, 0.0, 0.0, 0.0, 0.0, 0.0, 0.0]"
"[0.0, 0.0, 0.0, 0.0, 0.0, 0.0, 0.0]"
"[0.0, 0.0, 0.0, 0.0, 0.0, 0.0, 0.0]"
"[0.0, 0.0, 0.0, 0.0, 0.0, 0.0, 0.0]"
"[0.0, 0.0, 0.0, 0.0, 0.0, 0.0, 0.0]"
"[0.0, 0.0, 0.0, 0.0, 0.0, 0.0, 0.0]"
"[0.0, 0.0, 0.0, 0.0, 0.0, 0.0, 0.0]"
"[0.0, 0.0, 0.0, 0.0, 0.0, 0.0, 0.0]"
"[0.01413277696808713, 0.7264180457092418, 0.44073911377324393, -0.28702565314125406, -0.5373657732809879, 4.118275366663882, 0.0]"
"[4.577211144922671, 42.401520669304844, 27.399416553627457, -19.783175062983787, -23.2997782118876, 222.26622646099239, 0.0]"
"[3.7405872499033332, 67.05862651645594, 54.68459477829186, -24.771391987438328, -1.4346427086253912, 264.7857523085876, 0.0]"
"[-0.23084033026574408, 7.112231159617849, 6.6187107184967005, -1.4937505253724468, 1.2802939870397374, 24.753502014454774, 0.0]"
"[0.0, 0.0, 0.0, 0.0, 0.0, 0.0, 0.0]"
"[0.0, 0.0, 0.0, 0.0, 0.0, 0.0, 0.0]"
"[0.0, 0.0, 0.0, 0.0, 0.0, 0.0, 0.0]"
"[0.0, 0.0, 0.0, 0.0, 0.0, 0.0, 0.0]"
"[0.0, 0.0, 0.0, 0.0, 0.0, 0.0, 0.0]"
"[0.0, 0.0, 0.0, 0.0, 0.0, 0.0, 0.0]"
"[0.0, 0.0, 0.0, 0.0, 0.0, 0.0, 0.0]"
"[-22.015364553561287, -1.7719703838066885, -0.1285002975585638, 24.86956912656809, -8.355049392785608, -38.4078168540446, 0.0]"
"[0.0, 0.0, 0.0, 0.0, 0.0, 0.0, 0.0]"
"[0.0, 0.0, 0.0, 0.0, 0.0, 0.0, 0.0]"
"[0.0, 0.0, 0.0, 0.0, 0.0, 0.0, 0.0]"
"[-0.01301377737135882, 0.3024505414842436, -0.6825287975674738, -0.07681362808707244, -0.9803823015751815, 0.11806572951812805, 0.0]"
"[-0.32174153034087194, 8.949228893026174, -15.634231293172903, -2.199779816078966, -24.457478200731835, 3.200158350223006, 0.0]"
"[-0.3221940570538117, 11.599926272165156, -13.422567374824936, -2.8736806439816855, -24.868221871754308, 3.8453115522393766, 0.0]"
"[-0.30980342688874746, 13.714388914661024, -10.68120008822768, -3.6539778899066326, -24.209270833840865, 4.56178004004032, 0.0]"
"[-0.0004202655177241557, 0.02010915413873527, -0.013138554221973842, -0.005629502028260344, -0.03296605143635869, 0.0068454024325482294, 0.0]"
"[0.0, 0.0, 0.0, 0.0, 0.0, 0.0, 0.0]"
"[0.0, 0.0, 0.0, 0.0, 0.0, 0.0, 0.0]"
"[0.0, 0.0, 0.0, 0.0, 0.0, 0.0, 0.0]"
"[0.0, 0.0, 0.0, 0.0, 0.0, 0.0, 0.0]"
"[0.0, 0.0, 0.0, 0.0, 0.0, 0.0, 0.0]"
"[0.0, 0.0, 0.0, 0.0, 0.0, 0.0, 0.0]"
"[0.026466257659705426, -15.506884123645307, 11.634834515239445, 4.20790665848149, 26.900507093251168, -5.529428307681659, 0.0]"
"[0.0806501333376767, -27.13492260066059, 52.7705913577467, 6.793926841935507, 79.42568121638284, -11.043130104799364, 0.0]"
"[0.06859957188808503, -0.846055799293744, 64.48899323748125, 2.5056945974937284, 65.05033233441875, -6.578662758071977, 0.0]"
"[0.009764936861166761, 1.3092567638849417, 10.625238640810473, 0.2247269907934653, 9.278743685570623, -0.8613531285178981, 0.0]"
"[0.0, 0.0, 0.0, 0.0, 0.0, 0.0, 0.0]"
"[0.0, 0.0, 0.0, 0.0, 0.0, 0.0, 0.0]"
"[0.0, 0.0, 0.0, 0.0, 0.0, 0.0, 0.0]"
"[-0.3603197194335733, -0.1912335173520814, -0.5131373313868073, -0.1110277998777051, -0.32615063089352675, -0.29312989458811495, 0.0]"
"[-23.338143384455563, -10.426221442548288, -30.714701584292435, -7.242192157163444, -20.98419040399695, -18.60812639364772, 0.0]"
"[-24.07284975800091, -5.682198295073688, -25.73687337756548, -7.733699400026731, -21.870918005446566, -18.030329955905074, 0.0]"
"[-0.2813759661197428, -0.046070489730542175, -0.2792322472157109, -0.09217537720087902, -0.25868154202446475, -0.20522010392604112, 0.0]"
"[0.0, 0.0, 0.0, 0.0, 0.0, 0.0, 0.0]"
"[0.0, 0.0, 0.0, 0.0, 0.0, 0.0, 0.0]"
"[0.0, 0.0, 0.0, 0.0, 0.0, 0.0, 0.0]"
"[0.0, 0.0, 0.0, 0.0, 0.0, 0.0, 0.0]"
"[-23.45211704358827, 1.0408797416532174, 1.038140088744102, 24.12202028983583, -8.018125552538988, -33.788717012715885, 0.0]"
"[0.0, 0.0, 0.0, 0.0, 0.0, 0.0, 0.0]"
"[0.0, 0.0, 0.0, 0.0, 0.0, 0.0, 0.0]"
"[0.0, 0.0, 0.0, 0.0, 0.0, 0.0, 0.0]"
"[0.0, 0.0, 0.0, 0.0, 0.0, 0.0, 0.0]"
"[-3.262457359416339, 3.1555749307459826, -25.19321081019998, -1.163192741597396, -28.502623585726038, -0.3875797781434611, 0.0]"
"[-5.339332190249157, 14.312251594411519, -33.9389265329428, -3.1577768129796655, -48.45771621766634, 0.45759081796167855, 0.0]"
"[-0.8994103022429746, 3.545057076655851, -4.833444837862054, -0.752218658412142, -8.404853424666047, 0.2838707460749429, 0.0]"
"[0.0, 0.0, 0.0, 0.0, 0.0, 0.0, 0.0]"
"[0.0, 0.0, 0.0, 0.0, 0.0, 0.0, 0.0]"
"[0.0, 0.0, 0.0, 0.0, 0.0, 0.0, 0.0]"
"[0.0, 0.0, 0.0, 0.0, 0.0, 0.0, 0.0]"
"[0.0, 0.0, 0.0, 0.0, 0.0, 0.0, 0.0]"
"[0.0, 0.0, 0.0, 0.0, 0.0, 0.0, 0.0]"
"[2.710474767868112, -10.036869924006297, 15.0715944602931, 2.124173890835156, 25.19339864040215, -0.7196939379147759, 0.0]"
"[5.4743295985339895, -10.81237728633236, 37.82546126503097, 2.6489452221734635, 48.87145492663986, 0.06123702149910135, 0.0]"
"[1.2441359260690419, -0.8814692629232023, 9.875410228442718, 0.40794275985423767, 10.816718725323549, 0.17573057542152595, 0.0]"
"[0.0, 0.0, 0.0, 0.0, 0.0, 0.0, 0.0]"
"[0.0, 0.0, 0.0, 0.0, 0.0, 0.0, 0.0]"
"[0.0, 0.0, 0.0, 0.0, 0.0, 0.0, 0.0]"
"[0.0, 0.0, 0.0, 0.0, 0.0, 0.0, 0.0]"
"[3.4394038685926858, 3.163910109410925, -2.237993870711541, -1.5216398953009014, -5.2425005983858854, 4.5667054602055455, 0.0]"
"[22.90427440045072, 28.000299030764744, -10.542388446178219, -12.092947255703248, -36.49614594310099, 32.974080350408464, 0.0]"
"[12.303365747237477, 21.410144906301042, -1.047319436101776, -8.617971548469725, -20.402910569777603, 20.353205575640125, 0.0]"
"[0.0, 0.0, 0.0, 0.0, 0.0, 0.0, 0.0]"
"[0.0, 0.0, 0.0, 0.0, 0.0, 0.0, 0.0]"
"[0.0, 0.0, 0.0, 0.0, 0.0, 0.0, 0.0]"
"[0.0, 0.0, 0.0, 0.0, 0.0, 0.0, 0.0]"
"[0.0, 0.0, 0.0, 0.0, 0.0, 0.0, 0.0]"
"[0.0, 0.0, 0.0, 0.0, 0.0, 0.0, 0.0]"
"[0.0, 0.0, 0.0, 0.0, 0.0, 0.0, 0.0]"
"[-17.001126315916288, 10.203011714245918, 12.026318760349774, 22.07814423731746, 0.39672302688415456, -30.635734352203333, 0.0]"
"[0.0, 0.0, 0.0, 0.0, 0.0, 0.0, 0.0]"
"[0.0, 0.0, 0.0, 0.0, 0.0, 0.0, 0.0]"
"[0.0, 0.0, 0.0, 0.0, 0.0, 0.0, 0.0]"
"[-0.0010422717970718209, 0.02539774326615503, -0.0580560876767927, -0.00704035088912287, -0.0830034870223965, 0.01082265902222001, 0.0]"
"[-0.2856987821732733, 8.002212065546503, -14.93002683691354, -2.1501947771387893, -22.79960516651486, 3.165938675594419, 0.0]"
"[-0.29457730772277585, 10.620678635765843, -13.143529387794175, -2.826327582796222, -23.601339601480124, 3.830231775212458, 0.0]"
"[-0.29369365199890546, 12.941906472363629, -10.81751102726727, -3.6283365059887585, -23.561425683517864, 4.589386810891865, 0.0]"
"[-0.009272953132567586, 0.44890671267968335, -0.3011279127040677, -0.13238510105114076, -0.7429897388221325, 0.16205136070043002, 0.0]"
"[0.0, 0.0, 0.0, 0.0, 0.0, 0.0, 0.0]"
"[0.0, 0.0, 0.0, 0.0, 0.0, 0.0, 0.0]"
"[0.0, 0.0, 0.0, 0.0, 0.0, 0.0, 0.0]"
"[0.0, 0.0, 0.0, 0.0, 0.0, 0.0, 0.0]"
"[0.0, 0.0, 0.0, 0.0, 0.0, 0.0, 0.0]"
"[0.0, 0.0, 0.0, 0.0, 0.0, 0.0, 0.0]"
"[0.12905124836466053, -10.437190726355329, 7.47195118310621, 3.0137116882414063, 17.738931887797527, -3.818663569192572, 0.0]"
"[0.5327000603867816, -28.320281440548793, 45.143660621051964, 7.490658217469229, 72.97869297956449, -11.064290030848063, 0.0]"
"[0.5184648255785643, -4.199466679101469, 66.48879066419094, 3.311462259163888, 70.37241573569268, -7.376303775290291, 0.0]"
"[0.1088473620367777, 1.9411408293346817, 17.01992641160675, 0.4137597064691349, 15.019628673540351, -1.393029460941971, 0.0]"
"[0.0, 0.0, 0.0, 0.0, 0.0, 0.0, 0.0]"
"[0.0, 0.0, 0.0, 0.0, 0.0, 0.0, 0.0]"
"[0.0, 0.0, 0.0, 0.0, 0.0, 0.0, 0.0]"
"[0.0, 0.0, 0.0, 0.0, 0.0, 0.0, 0.0]"
"[-19.252372034278125, -26.38499685809716, -38.50295797408829, -3.271780567633406, -14.34646230441682, -17.009252533481312, 0.0]"
"[-45.63256214674689, -42.30857203998473, -60.23561587526087, -5.390022012287583, -24.360190693741465, -41.31733059140287, 0.0]"
"[-22.53461260973858, -13.958523781259375, -20.329813885280124, -1.534102856102059, -9.959034795772123, -20.88799914236837, 0.0]"
"[0.0, 0.0, 0.0, 0.0, 0.0, 0.0, 0.0]"
"[0.0, 0.0, 0.0, 0.0, 0.0, 0.0, 0.0]"
"[0.0, 0.0, 0.0, 0.0, 0.0, 0.0, 0.0]"
"[0.0, 0.0, 0.0, 0.0, 0.0, 0.0, 0.0]"
"[-6.818324277650793, 11.570216656822893, 9.624710696278338, 8.731191325472794, 2.252471523874441, -11.588902346844757, 0.0]"
"[-0.49565124669878124, 0.9396384089070572, 0.7959698086666288, 0.6627804261602926, 0.24416637618198272, -0.8639692510525717, 0.0]"
"[0.0, 0.0, 0.0, 0.0, 0.0, 0.0, 0.0]"
"[0.0, 0.0, 0.0, 0.0, 0.0, 0.0, 0.0]"
"[0.0, 0.0, 0.0, 0.0, 0.0, 0.0, 0.0]"
"[-0.013834328050342654, 0.025316341285070227, -0.9303700556467615, -0.03822766498511553, -0.952992922838313, 0.07999260089803736, 0.0]"
"[-0.5593376914281255, 3.888025420874521, -35.22775249347295, -1.8750109377906181, -38.995827839690996, 3.5072455762974832, 0.0]"
"[-0.5967287082657141, 12.976842036194599, -30.682654336706737, -3.3524446748444334, -43.48102523743619, 4.9867791696342545, 0.0]"
"[-0.029823864263355312, 0.8573658988681975, -1.3752839891480433, -0.2122011175467495, -2.221975796447392, 0.2924096564762224, 0.0]"
"[0.0, 0.0, 0.0, 0.0, 0.0, 0.0, 0.0]"
"[0.0, 0.0, 0.0, 0.0, 0.0, 0.0, 0.0]"
"[0.0, 0.0, 0.0, 0.0, 0.0, 0.0, 0.0]"
"[0.0, 0.0, 0.0, 0.0, 0.0, 0.0, 0.0]"
"[0.0, 0.0, 0.0, 0.0, 0.0, 0.0, 0.0]"
"[0.0, 0.0, 0.0, 0.0, 0.0, 0.0, 0.0]"
"[0.3286338849045024, -8.731704443434191, 15.696316005181025, 2.1725901136536145, 24.31695047365341, -3.0609633638063776, 0.0]"
"[0.6914138598214554, -8.850343975543668, 40.31535891563493, 2.8575374918783605, 48.99799784139269, -4.81493929407955, 0.0]"
"[0.16644689425623735, -0.41443130616361756, 11.100202311730344, 0.47184542275949515, 11.481842546699392, -0.9719251400005305, 0.0]"
"[0.0, 0.0, 0.0, 0.0, 0.0, 0.0, 0.0]"
"[0.0, 0.0, 0.0, 0.0, 0.0, 0.0, 0.0]"
"[0.0, 0.0, 0.0, 0.0, 0.0, 0.0, 0.0]"
"[0.0, 0.0, 0.0, 0.0, 0.0, 0.0, 0.0]"
"[1.3013318234570228, 1.2304046845163774, -3.065537669559582, 0.9100438395636266, -5.264292316932812, -14.711880840107087, 0.0]"
"[10.168866744811378, 21.29473690744263, -23.619688904685365, 13.032945210037083, -51.96334154502665, -157.82283156641014, 0.0]"
"[7.556391104267785, 42.36864013864041, -3.7491424887255973, 20.306463176055143, -44.17379766457225, -176.0178681190555, 0.0]"
"[1.0090028219099447, 6.4364548044577266, 1.0121795002042353, 2.677204489534157, -4.544446300587297, -22.315051056226643, 0.0]"
"[0.0, 0.0, 0.0, 0.0, 0.0, 0.0, 0.0]"
"[0.0, 0.0, 0.0, 0.0, 0.0, 0.0, 0.0]"
"[0.0, 0.0, 0.0, 0.0, 0.0, 0.0, 0.0]"
"[0.0, 0.0, 0.0, 0.0, 0.0, 0.0, 0.0]"
"[0.0, 0.0, 0.0, 0.0, 0.0, 0.0, 0.0]"
"[0.0, 0.0, 0.0, 0.0, 0.0, 0.0, 0.0]"
"[0.0, 0.0, 0.0, 0.0, 0.0, 0.0, 0.0]"
"[6.096647343720892, 5.772272268526877, 5.295785892308917, -3.8012845797362975, 2.4592776991113796, -85.21522276445245, 0.0]"
"[0.0, 0.0, 0.0, 0.0, 0.0, 0.0, 0.0]"
"[0.0, 0.0, 0.0, 0.0, 0.0, 0.0, 0.0]"
"[0.0, 0.0, 0.0, 0.0, 0.0, 0.0, 0.0]"
"[-0.0019819558953754024, 0.035686174273316267, -0.049887414883188846, 0.0024639450945399786, -0.08550314282552944, -0.0053482528141765365, 0.0]"
"[-0.5441402003597298, 10.872831290676142, -12.682625661280776, 0.760470700868281, -23.535266058996715, -1.5503392829762372, 0.0]"
"[-0.5630166554306766, 13.68516936539171, -10.776504279037807, 1.0336109262724429, -24.43829219935327, -1.8465452706509438, 0.0]"
"[-0.5632984540947924, 16.069355324437733, -8.376822328312317, 1.3938217628856926, -24.41917108477182, -2.2026820061459866, 0.0]"
"[-0.017819670059872367, 0.5482173964074043, -0.22240671416743116, 0.05267041348011822, -0.769683718924129, -0.07817200196857857, 0.0]"
"[0.0, 0.0, 0.0, 0.0, 0.0, 0.0, 0.0]"
"[0.0, 0.0, 0.0, 0.0, 0.0, 0.0, 0.0]"
"[0.0, 0.0, 0.0, 0.0, 0.0, 0.0, 0.0]"
"[0.0, 0.0, 0.0, 0.0, 0.0, 0.0, 0.0]"
"[0.0, 0.0, 0.0, 0.0, 0.0, 0.0, 0.0]"
"[0.0, 0.0, 0.0, 0.0, 0.0, 0.0, 0.0]"
"[0.035238106526646155, -1.0836986244468505, 0.4402352806002497, -0.10405815211866244, 1.5220753198604897, 0.1544880467725516, 0.0]"
"[1.1462538724557643, -31.364501876265354, 18.42752253161424, -2.601214152706122, 49.739428536175915, 4.249809015265872, 0.0]"
"[1.906102599222751, -27.80129463910725, 54.07470328163933, -1.9505763087862311, 81.81248399165463, 4.738000628173942, 0.0]"
"[1.09113200469794, -2.234909826857869, 44.12563800073448, -0.5716667164885274, 46.32958978173586, 2.214456185058031, 0.0]"
"[0.028084663979928006, 0.03660472132487059, 1.2340802867851963, -0.012328986707288908, 1.196700369005009, 0.055158553344186685, 0.0]"
"[0.0, 0.0, 0.0, 0.0, 0.0, 0.0, 0.0]"
"[0.0, 0.0, 0.0, 0.0, 0.0, 0.0, 0.0]"
"[0.0, 0.0, 0.0, 0.0, 0.0, 0.0, 0.0]"
"[0.0, 0.0, 0.0, 0.0, 0.0, 0.0, 0.0]"
"[17.584224688002156, -5.430359401978386, -20.565339298429674, 0.38194188387043876, -18.61725664902073, 18.862878789310855, 0.0]"
"[25.28805310946748, -2.872647791313133, -23.781086274772765, -0.47069378883240753, -25.873041736406147, 27.502060636474408, 0.0]"
"[0.5709487995737357, -0.01643097220618444, -0.4843817547333776, -0.022055076033787896, -0.5791893160856503, 0.6272020241345491, 0.0]"
"[0.0, 0.0, 0.0, 0.0, 0.0, 0.0, 0.0]"
"[0.0, 0.0, 0.0, 0.0, 0.0, 0.0, 0.0]"
"[0.0, 0.0, 0.0, 0.0, 0.0, 0.0, 0.0]"
"[0.0, 0.0, 0.0, 0.0, 0.0, 0.0, 0.0]"
"[-1.5325200664836145, 3.958287576866442, 2.1366112384269265, 3.3771123299187575, 4.382767612083455, -9.51350155621219, 0.0]"
"[0.0, 0.0, 0.0, 0.0, 0.0, 0.0, 0.0]"
"[0.0, 0.0, 0.0, 0.0, 0.0, 0.0, 0.0]"
"[0.0, 0.0, 0.0, 0.0, 0.0, 0.0, 0.0]"
"[0.0, 0.0, 0.0, 0.0, 0.0, 0.0, 0.0]"
"[-0.3421191329253405, 4.848774770567323, -21.350389288799892, 0.4777320853286941, -26.183002551130496, -1.163343112480842, 0.0]"
"[-0.6192848210302994, 17.51698830581255, -30.786698608333538, 1.3323747130696135, -48.26939765696533, -2.5474629118156487, 0.0]"
"[-0.12167620486599381, 4.735213910992576, -4.884196558489833, 0.36981827141323964, -9.611486596271549, -0.6058684618705432, 0.0]"
"[0.0, 0.0, 0.0, 0.0, 0.0, 0.0, 0.0]"
"[0.0, 0.0, 0.0, 0.0, 0.0, 0.0, 0.0]"
"[0.0, 0.0, 0.0, 0.0, 0.0, 0.0, 0.0]"
"[0.0, 0.0, 0.0, 0.0, 0.0, 0.0, 0.0]"
"[0.0, 0.0, 0.0, 0.0, 0.0, 0.0, 0.0]"
"[0.0, 0.0, 0.0, 0.0, 0.0, 0.0, 0.0]"
"[0.0, 0.0, 0.0, 0.0, 0.0, 0.0, 0.0]"
"[0.2308241085664653, -8.773067215274143, 9.456964665357411, -0.6803588784846725, 18.215235129568367, 1.128558453141848, 0.0]"
"[0.6331769989152822, -15.849042450117095, 33.3161601297048, -1.2309223915111234, 49.13157926608521, 2.4783044717049196, 0.0]"
"[0.20629958063980727, -2.643208930487711, 13.132396179447055, -0.2764779734329032, 15.76598051962057, 0.6910044753580779, 0.0]"
"[0.0, 0.0, 0.0, 0.0, 0.0, 0.0, 0.0]"
"[0.0, 0.0, 0.0, 0.0, 0.0, 0.0, 0.0]"
"[0.0, 0.0, 0.0, 0.0, 0.0, 0.0, 0.0]"
"[0.0, 0.0, 0.0, 0.0, 0.0, 0.0, 0.0]"
"[2.119019445889324, -3.940586714745531, -5.16698133116717, -1.4864084989015063, -2.094085840324192, 16.79557518793934, 0.0]"
"[39.4697473454415, -48.72106099130535, -63.07260324891737, -28.699382552693887, -17.611456652222994, 260.2318193021299, 0.0]"
"[0.0, 0.0, 0.0, 0.0, 0.0, 0.0, 0.0]"
"[0.0, 0.0, 0.0, 0.0, 0.0, 0.0, 0.0]"
"[0.0, 0.0, 0.0, 0.0, 0.0, 0.0, 0.0]"
"[0.0, 0.0, 0.0, 0.0, 0.0, 0.0, 0.0]"
"[0.0, 0.0, 0.0, 0.0, 0.0, 0.0, 0.0]"
"[0.0, 0.0, 0.0, 0.0, 0.0, 0.0, 0.0]"
"[0.0, 0.0, 0.0, 0.0, 0.0, 0.0, 0.0]"
"[0.0, 0.0, 0.0, 0.0, 0.0, 0.0, 0.0]"
"[0.0, 0.0, 0.0, 0.0, 0.0, 0.0, 0.0]"
"[0.0, 0.0, 0.0, 0.0, 0.0, 0.0, 0.0]"
"[0.0, 0.0, 0.0, 0.0, 0.0, 0.0, 0.0]"
"[0.0, 0.0, 0.0, 0.0, 0.0, 0.0, 0.0]"
"[0.0, 0.0, 0.0, 0.0, 0.0, 0.0, 0.0]"
"[0.0, 0.0, 0.0, 0.0, 0.0, 0.0, 0.0]"
"[0.0, 0.0, 0.0, 0.0, 0.0, 0.0, 0.0]"
"[0.0, 0.0, 0.0, 0.0, 0.0, 0.0, 0.0]"
"[0.0, 0.0, 0.0, 0.0, 0.0, 0.0, 0.0]"
"[0.0, 0.0, 0.0, 0.0, 0.0, 0.0, 0.0]"
